time,balance,datetime
1775068200,500.0,2026-04-01 18:30:00
1775248200,500.0,2026-04-03 20:30:00
1775249100,500.0,2026-04-03 20:45:00
1775250000,500.0,2026-04-03 21:00:00
1775251800,498.0,2026-04-03 21:30:00
1775253600,498.0,2026-04-03 22:00:00
1775255400,498.0,2026-04-03 22:30:00
1775258100,498.0,2026-04-03 23:15:00
1775259000,498.0,2026-04-03 23:30:00
1775259900,498.0,2026-04-03 23:45:00
1775261700,498.0,2026-04-04 00:15:00
1775262600,498.0,2026-04-04 00:30:00
1775263500,498.0,2026-04-04 00:45:00
1775265300,498.0,2026-04-04 01:15:00
1775266200,498.0,2026-04-04 01:30:00
1775267100,498.0,2026-04-04 01:45:00
1775268000,498.0,2026-04-04 02:00:00
1775270700,498.0,2026-04-04 02:45:00
1775271600,498.0,2026-04-04 03:00:00
1775273400,498.0,2026-04-04 03:30:00
1775276100,498.0,2026-04-04 04:15:00
1775277000,498.0,2026-04-04 04:30:00
1775278800,498.0,2026-04-04 05:00:00
1775279700,498.0,2026-04-04 05:15:00
1775280600,498.0,2026-04-04 05:30:00
1775281500,498.0,2026-04-04 05:45:00
1775282400,498.0,2026-04-04 06:00:00
1775283300,498.0,2026-04-04 06:15:00
1775284200,498.0,2026-04-04 06:30:00
1775285100,498.0,2026-04-04 06:45:00
1775286000,498.0,2026-04-04 07:00:00
1775286900,498.0,2026-04-04 07:15:00
1775288700,498.0,2026-04-04 07:45:00
1775290500,498.0,2026-04-04 08:15:00
1775291400,498.0,2026-04-04 08:30:00
1775293200,498.0,2026-04-04 09:00:00
1775294100,498.0,2026-04-04 09:15:00
1775298600,498.0,2026-04-04 10:30:00
1775299500,498.0,2026-04-04 10:45:00
1775300400,503.0,2026-04-04 11:00:00
1775301300,503.0,2026-04-04 11:15:00
1775302200,503.0,2026-04-04 11:30:00
1775304900,503.0,2026-04-04 12:15:00
1775306700,503.0,2026-04-04 12:45:00
1775307600,503.0,2026-04-04 13:00:00
1775309400,503.0,2026-04-04 13:30:00
1775310300,503.0,2026-04-04 13:45:00
1775311200,503.0,2026-04-04 14:00:00
1775312100,503.0,2026-04-04 14:15:00
1775313000,503.0,2026-04-04 14:30:00
1775314800,503.0,2026-04-04 15:00:00
1775316600,503.0,2026-04-04 15:30:00
1775317500,503.0,2026-04-04 15:45:00
1775318400,503.0,2026-04-04 16:00:00
1775319300,503.0,2026-04-04 16:15:00
1775320200,503.0,2026-04-04 16:30:00
1775321100,503.0,2026-04-04 16:45:00
1775322000,503.0,2026-04-04 17:00:00
1775323800,503.0,2026-04-04 17:30:00
1775324700,503.0,2026-04-04 17:45:00
1775325600,503.0,2026-04-04 18:00:00
1775326500,503.0,2026-04-04 18:15:00
1775329200,503.0,2026-04-04 19:00:00
1775331000,503.0,2026-04-04 19:30:00
1775331900,503.0,2026-04-04 19:45:00
1775333700,501.0,2026-04-04 20:15:00
1775334600,501.0,2026-04-04 20:30:00
1775336400,501.0,2026-04-04 21:00:00
1775338200,501.0,2026-04-04 21:30:00
1775340000,501.0,2026-04-04 22:00:00
1775340900,501.0,2026-04-04 22:15:00
1775341800,501.0,2026-04-04 22:30:00
1775342700,501.0,2026-04-04 22:45:00
1775343600,501.0,2026-04-04 23:00:00
1775346300,501.0,2026-04-04 23:45:00
1775347200,501.0,2026-04-05 00:00:00
1775348100,501.0,2026-04-05 00:15:00
1775349000,501.0,2026-04-05 00:30:00
1775349900,501.0,2026-04-05 00:45:00
1775350800,501.0,2026-04-05 01:00:00
1775351700,501.0,2026-04-05 01:15:00
1775352600,501.0,2026-04-05 01:30:00
1775353500,501.0,2026-04-05 01:45:00
1775354400,501.0,2026-04-05 02:00:00
1775355300,501.0,2026-04-05 02:15:00
1775356200,501.0,2026-04-05 02:30:00
1775358000,501.0,2026-04-05 03:00:00
1775358900,501.0,2026-04-05 03:15:00
1775359800,501.0,2026-04-05 03:30:00
1775361600,501.0,2026-04-05 04:00:00
1775362500,501.0,2026-04-05 04:15:00
1775364300,501.0,2026-04-05 04:45:00
1775366100,501.0,2026-04-05 05:15:00
1775367000,501.0,2026-04-05 05:30:00
1775367900,501.0,2026-04-05 05:45:00
1775368800,501.0,2026-04-05 06:00:00
1775369700,501.0,2026-04-05 06:15:00
1775370600,501.0,2026-04-05 06:30:00
1775371500,501.0,2026-04-05 06:45:00
1775373300,501.0,2026-04-05 07:15:00
1775374200,501.0,2026-04-05 07:30:00
1775376000,501.0,2026-04-05 08:00:00
1775377800,501.0,2026-04-05 08:30:00
1775379600,501.0,2026-04-05 09:00:00
1775380500,501.0,2026-04-05 09:15:00
1775381400,501.0,2026-04-05 09:30:00
1775382300,501.0,2026-04-05 09:45:00
1775383200,501.0,2026-04-05 10:00:00
1775385000,501.0,2026-04-05 10:30:00
1775386800,501.0,2026-04-05 11:00:00
1775387700,501.0,2026-04-05 11:15:00
1775389500,501.0,2026-04-05 11:45:00
1775391300,501.0,2026-04-05 12:15:00
1775392200,501.0,2026-04-05 12:30:00
1775393100,501.0,2026-04-05 12:45:00
1775394000,501.0,2026-04-05 13:00:00
1775394900,501.0,2026-04-05 13:15:00
1775395800,501.0,2026-04-05 13:30:00
1775396700,501.0,2026-04-05 13:45:00
1775398500,501.0,2026-04-05 14:15:00
1775400300,501.0,2026-04-05 14:45:00
1775401200,501.0,2026-04-05 15:00:00
1775403900,501.0,2026-04-05 15:45:00
1775404800,501.0,2026-04-05 16:00:00
1775406600,501.0,2026-04-05 16:30:00
1775409300,501.0,2026-04-05 17:15:00
1775412000,501.0,2026-04-05 18:00:00
1775413800,501.0,2026-04-05 18:30:00
1775415600,501.0,2026-04-05 19:00:00
1775417400,501.0,2026-04-05 19:30:00
1775419200,501.0,2026-04-05 20:00:00
1775421000,501.0,2026-04-05 20:30:00
1775421900,501.0,2026-04-05 20:45:00
1775422800,501.0,2026-04-05 21:00:00
1775423700,501.0,2026-04-05 21:15:00
1775425500,501.0,2026-04-05 21:45:00
1775427300,501.0,2026-04-05 22:15:00
1775430000,501.0,2026-04-05 23:00:00
1775430900,501.0,2026-04-05 23:15:00
1775431800,501.0,2026-04-05 23:30:00
1775432700,501.0,2026-04-05 23:45:00
1775433600,501.0,2026-04-06 00:00:00
1775434500,501.0,2026-04-06 00:15:00
1775435400,501.0,2026-04-06 00:30:00
1775436300,501.0,2026-04-06 00:45:00
1775437200,501.0,2026-04-06 01:00:00
1775439000,501.0,2026-04-06 01:30:00
1775440800,501.0,2026-04-06 02:00:00
1775442600,501.0,2026-04-06 02:30:00
1775443500,501.0,2026-04-06 02:45:00
1775444400,501.0,2026-04-06 03:00:00
1775446200,501.0,2026-04-06 03:30:00
1775447100,501.0,2026-04-06 03:45:00
1775448000,501.0,2026-04-06 04:00:00
1775448900,501.0,2026-04-06 04:15:00
1775449800,501.0,2026-04-06 04:30:00
1775451600,501.0,2026-04-06 05:00:00
1775452500,501.0,2026-04-06 05:15:00
1775453400,501.0,2026-04-06 05:30:00
1775454300,501.0,2026-04-06 05:45:00
1775455200,501.0,2026-04-06 06:00:00
1775456100,501.0,2026-04-06 06:15:00
1775457900,501.0,2026-04-06 06:45:00
1775458800,501.0,2026-04-06 07:00:00
1775459700,501.0,2026-04-06 07:15:00
1775461500,501.0,2026-04-06 07:45:00
1775462400,501.0,2026-04-06 08:00:00
1775463300,499.0,2026-04-06 08:15:00
1775464200,499.0,2026-04-06 08:30:00
1775465100,499.0,2026-04-06 08:45:00
1775466000,499.0,2026-04-06 09:00:00
1775466900,499.0,2026-04-06 09:15:00
1775467800,499.0,2026-04-06 09:30:00
1775468700,499.0,2026-04-06 09:45:00
1775469600,499.0,2026-04-06 10:00:00
1775470500,499.0,2026-04-06 10:15:00
1775471400,499.0,2026-04-06 10:30:00
1775472300,499.0,2026-04-06 10:45:00
1775475000,499.0,2026-04-06 11:30:00
1775475900,499.0,2026-04-06 11:45:00
1775476800,499.0,2026-04-06 12:00:00
1775477700,499.0,2026-04-06 12:15:00
1775478600,499.0,2026-04-06 12:30:00
1775479500,499.0,2026-04-06 12:45:00
1775480400,499.0,2026-04-06 13:00:00
1775481300,499.0,2026-04-06 13:15:00
1775482200,499.0,2026-04-06 13:30:00
1775483100,499.0,2026-04-06 13:45:00
1775484000,499.0,2026-04-06 14:00:00
1775485800,499.0,2026-04-06 14:30:00
1775486700,499.0,2026-04-06 14:45:00
1775487600,499.0,2026-04-06 15:00:00
1775488500,499.0,2026-04-06 15:15:00
1775489400,499.0,2026-04-06 15:30:00
1775490300,499.0,2026-04-06 15:45:00
1775491200,499.0,2026-04-06 16:00:00
1775492100,499.0,2026-04-06 16:15:00
1775493000,499.0,2026-04-06 16:30:00
1775493900,499.0,2026-04-06 16:45:00
1775494800,499.0,2026-04-06 17:00:00
1775496600,499.0,2026-04-06 17:30:00
1775497500,499.0,2026-04-06 17:45:00
1775498400,499.0,2026-04-06 18:00:00
1775500200,499.0,2026-04-06 18:30:00
1775501100,499.0,2026-04-06 18:45:00
1775502000,499.0,2026-04-06 19:00:00
1775503800,499.0,2026-04-06 19:30:00
1775505600,497.0,2026-04-06 20:00:00
1775506500,497.0,2026-04-06 20:15:00
1775508300,497.0,2026-04-06 20:45:00
1775509200,497.0,2026-04-06 21:00:00
1775511000,497.0,2026-04-06 21:30:00
1775511900,495.0,2026-04-06 21:45:00
1775512800,495.0,2026-04-06 22:00:00
1775513700,495.0,2026-04-06 22:15:00
1775514600,495.0,2026-04-06 22:30:00
1775515500,495.0,2026-04-06 22:45:00
1775516400,495.0,2026-04-06 23:00:00
1775517300,495.0,2026-04-06 23:15:00
1775518200,495.0,2026-04-06 23:30:00
1775519100,495.0,2026-04-06 23:45:00
1775520900,495.0,2026-04-07 00:15:00
1775521800,495.0,2026-04-07 00:30:00
1775524500,495.0,2026-04-07 01:15:00
1775525400,495.0,2026-04-07 01:30:00
1775526300,495.0,2026-04-07 01:45:00
1775527200,495.0,2026-04-07 02:00:00
1775528100,495.0,2026-04-07 02:15:00
1775529000,495.0,2026-04-07 02:30:00
1775530800,495.0,2026-04-07 03:00:00
1775532600,495.0,2026-04-07 03:30:00
1775533500,495.0,2026-04-07 03:45:00
1775534400,495.0,2026-04-07 04:00:00
1775536200,495.0,2026-04-07 04:30:00
1775537100,495.0,2026-04-07 04:45:00
1775538000,493.0,2026-04-07 05:00:00
1775538900,493.0,2026-04-07 05:15:00
1775540700,493.0,2026-04-07 05:45:00
1775541600,493.0,2026-04-07 06:00:00
1775542500,493.0,2026-04-07 06:15:00
1775543400,493.0,2026-04-07 06:30:00
1775544300,493.0,2026-04-07 06:45:00
1775545200,493.0,2026-04-07 07:00:00
1775546100,493.0,2026-04-07 07:15:00
1775547900,493.0,2026-04-07 07:45:00
1775549700,493.0,2026-04-07 08:15:00
1775550600,493.0,2026-04-07 08:30:00
1775551500,493.0,2026-04-07 08:45:00
1775552400,493.0,2026-04-07 09:00:00
1775553300,493.0,2026-04-07 09:15:00
1775554200,493.0,2026-04-07 09:30:00
1775555100,493.0,2026-04-07 09:45:00
1775556000,493.0,2026-04-07 10:00:00
1775557800,493.0,2026-04-07 10:30:00
1775558700,493.0,2026-04-07 10:45:00
1775559600,493.0,2026-04-07 11:00:00
1775560500,493.0,2026-04-07 11:15:00
1775561400,493.0,2026-04-07 11:30:00
1775564100,493.0,2026-04-07 12:15:00
1775565900,493.0,2026-04-07 12:45:00
1775567700,493.0,2026-04-07 13:15:00
1775568600,493.0,2026-04-07 13:30:00
1775571300,493.0,2026-04-07 14:15:00
1775572200,493.0,2026-04-07 14:30:00
1775573100,493.0,2026-04-07 14:45:00
1775574000,493.0,2026-04-07 15:00:00
1775574900,493.0,2026-04-07 15:15:00
1775576700,493.0,2026-04-07 15:45:00
1775577600,493.0,2026-04-07 16:00:00
1775578500,498.0,2026-04-07 16:15:00
1775579400,498.0,2026-04-07 16:30:00
1775580300,498.0,2026-04-07 16:45:00
1775581200,498.0,2026-04-07 17:00:00
1775583000,498.0,2026-04-07 17:30:00
1775583900,503.0,2026-04-07 17:45:00
1775584800,503.0,2026-04-07 18:00:00
1775585700,503.0,2026-04-07 18:15:00
1775588400,503.0,2026-04-07 19:00:00
1775589300,503.0,2026-04-07 19:15:00
1775592900,503.0,2026-04-07 20:15:00
1775593800,503.0,2026-04-07 20:30:00
1775594700,503.0,2026-04-07 20:45:00
1775595600,503.0,2026-04-07 21:00:00
1775596500,503.0,2026-04-07 21:15:00
1775597400,503.0,2026-04-07 21:30:00
1775598300,503.0,2026-04-07 21:45:00
1775599200,503.0,2026-04-07 22:00:00
1775600100,503.0,2026-04-07 22:15:00
1775601000,503.0,2026-04-07 22:30:00
1775601900,503.0,2026-04-07 22:45:00
1775602800,503.0,2026-04-07 23:00:00
1775603700,503.0,2026-04-07 23:15:00
1775604600,503.0,2026-04-07 23:30:00
1775605500,503.0,2026-04-07 23:45:00
1775606400,503.0,2026-04-08 00:00:00
1775608200,503.0,2026-04-08 00:30:00
1775610000,503.0,2026-04-08 01:00:00
1775610900,503.0,2026-04-08 01:15:00
1775611800,503.0,2026-04-08 01:30:00
1775612700,503.0,2026-04-08 01:45:00
1775613600,503.0,2026-04-08 02:00:00
1775615400,503.0,2026-04-08 02:30:00
1775617200,503.0,2026-04-08 03:00:00
1775618100,503.0,2026-04-08 03:15:00
1775619900,503.0,2026-04-08 03:45:00
1775621700,503.0,2026-04-08 04:15:00
1775623500,501.0,2026-04-08 04:45:00
1775624400,501.0,2026-04-08 05:00:00
1775625300,501.0,2026-04-08 05:15:00
1775626200,501.0,2026-04-08 05:30:00
1775627100,501.0,2026-04-08 05:45:00
1775628000,501.0,2026-04-08 06:00:00
1775628900,501.0,2026-04-08 06:15:00
1775629800,501.0,2026-04-08 06:30:00
1775630700,501.0,2026-04-08 06:45:00
1775632500,501.0,2026-04-08 07:15:00
1775635200,501.0,2026-04-08 08:00:00
1775637000,501.0,2026-04-08 08:30:00
1775637900,501.0,2026-04-08 08:45:00
1775638800,501.0,2026-04-08 09:00:00
1775639700,501.0,2026-04-08 09:15:00
1775641500,501.0,2026-04-08 09:45:00
1775642400,501.0,2026-04-08 10:00:00
1775643300,501.0,2026-04-08 10:15:00
1775644200,501.0,2026-04-08 10:30:00
1775645100,501.0,2026-04-08 10:45:00
1775646000,501.0,2026-04-08 11:00:00
1775646900,501.0,2026-04-08 11:15:00
1775650500,501.0,2026-04-08 12:15:00
1775651400,501.0,2026-04-08 12:30:00
1775652300,501.0,2026-04-08 12:45:00
1775653200,501.0,2026-04-08 13:00:00
1775654100,501.0,2026-04-08 13:15:00
1775655000,501.0,2026-04-08 13:30:00
1775657700,501.0,2026-04-08 14:15:00
1775658600,501.0,2026-04-08 14:30:00
1775659500,501.0,2026-04-08 14:45:00
1775660400,501.0,2026-04-08 15:00:00
1775661300,501.0,2026-04-08 15:15:00
1775664000,501.0,2026-04-08 16:00:00
1775664900,501.0,2026-04-08 16:15:00
1775665800,501.0,2026-04-08 16:30:00
1775666700,501.0,2026-04-08 16:45:00
1775667600,501.0,2026-04-08 17:00:00
1775668500,501.0,2026-04-08 17:15:00
1775669400,501.0,2026-04-08 17:30:00
1775670300,501.0,2026-04-08 17:45:00
1775671200,501.0,2026-04-08 18:00:00
1775672100,501.0,2026-04-08 18:15:00
1775674800,501.0,2026-04-08 19:00:00
1775675700,501.0,2026-04-08 19:15:00
1775676600,501.0,2026-04-08 19:30:00
1775677500,501.0,2026-04-08 19:45:00
1775678400,501.0,2026-04-08 20:00:00
1775679300,506.0,2026-04-08 20:15:00
1775680200,506.0,2026-04-08 20:30:00
1775682000,506.0,2026-04-08 21:00:00
1775683800,506.0,2026-04-08 21:30:00
1775684700,506.0,2026-04-08 21:45:00
1775685600,506.0,2026-04-08 22:00:00
1775687400,506.0,2026-04-08 22:30:00
1775688300,506.0,2026-04-08 22:45:00
1775689200,506.0,2026-04-08 23:00:00
1775690100,506.0,2026-04-08 23:15:00
1775691000,506.0,2026-04-08 23:30:00
1775691900,506.0,2026-04-08 23:45:00
1775694600,506.0,2026-04-09 00:30:00
1775695500,506.0,2026-04-09 00:45:00
1775696400,506.0,2026-04-09 01:00:00
1775697300,506.0,2026-04-09 01:15:00
1775698200,506.0,2026-04-09 01:30:00
1775700900,506.0,2026-04-09 02:15:00
1775701800,506.0,2026-04-09 02:30:00
1775702700,506.0,2026-04-09 02:45:00
1775703600,506.0,2026-04-09 03:00:00
1775704500,506.0,2026-04-09 03:15:00
1775706300,506.0,2026-04-09 03:45:00
1775707200,506.0,2026-04-09 04:00:00
1775709900,506.0,2026-04-09 04:45:00
1775710800,506.0,2026-04-09 05:00:00
1775711700,506.0,2026-04-09 05:15:00
1775713500,506.0,2026-04-09 05:45:00
1775714400,506.0,2026-04-09 06:00:00
1775715300,506.0,2026-04-09 06:15:00
1775717100,506.0,2026-04-09 06:45:00
1775718900,506.0,2026-04-09 07:15:00
1775719800,506.0,2026-04-09 07:30:00
1775721600,506.0,2026-04-09 08:00:00
1775722500,506.0,2026-04-09 08:15:00
1775723400,506.0,2026-04-09 08:30:00
1775725200,506.0,2026-04-09 09:00:00
1775726100,506.0,2026-04-09 09:15:00
1775727000,506.0,2026-04-09 09:30:00
1775729700,506.0,2026-04-09 10:15:00
1775730600,506.0,2026-04-09 10:30:00
1775733300,506.0,2026-04-09 11:15:00
1775734200,506.0,2026-04-09 11:30:00
1775735100,506.0,2026-04-09 11:45:00
1775736000,506.0,2026-04-09 12:00:00
1775737800,506.0,2026-04-09 12:30:00
1775738700,506.0,2026-04-09 12:45:00
1775739600,506.0,2026-04-09 13:00:00
1775742300,506.0,2026-04-09 13:45:00
1775743200,506.0,2026-04-09 14:00:00
1775744100,506.0,2026-04-09 14:15:00
1775745000,506.0,2026-04-09 14:30:00
1775745900,506.0,2026-04-09 14:45:00
1775748600,506.0,2026-04-09 15:30:00
1775749500,506.0,2026-04-09 15:45:00
1775750400,506.0,2026-04-09 16:00:00
1775751300,506.0,2026-04-09 16:15:00
1775752200,506.0,2026-04-09 16:30:00
1775754000,506.0,2026-04-09 17:00:00
1775755800,506.0,2026-04-09 17:30:00
1775756700,506.0,2026-04-09 17:45:00
1775757600,506.0,2026-04-09 18:00:00
1775759400,506.0,2026-04-09 18:30:00
1775761200,506.0,2026-04-09 19:00:00
1775763900,506.0,2026-04-09 19:45:00
1775764800,511.0,2026-04-09 20:00:00
1775765700,511.0,2026-04-09 20:15:00
1775766600,509.0,2026-04-09 20:30:00
1775767500,509.0,2026-04-09 20:45:00
1775768400,509.0,2026-04-09 21:00:00
1775769300,509.0,2026-04-09 21:15:00
1775771100,509.0,2026-04-09 21:45:00
1775773800,509.0,2026-04-09 22:30:00
1775775600,509.0,2026-04-09 23:00:00
1775776500,509.0,2026-04-09 23:15:00
1775777400,509.0,2026-04-09 23:30:00
1775778300,509.0,2026-04-09 23:45:00
1775779200,509.0,2026-04-10 00:00:00
1775780100,509.0,2026-04-10 00:15:00
1775781000,509.0,2026-04-10 00:30:00
1775782800,509.0,2026-04-10 01:00:00
1775783700,509.0,2026-04-10 01:15:00
1775786400,509.0,2026-04-10 02:00:00
1775787300,509.0,2026-04-10 02:15:00
1775788200,509.0,2026-04-10 02:30:00
1775790000,509.0,2026-04-10 03:00:00
1775790900,509.0,2026-04-10 03:15:00
1775791800,509.0,2026-04-10 03:30:00
1775792700,509.0,2026-04-10 03:45:00
1775793600,509.0,2026-04-10 04:00:00
1775794500,509.0,2026-04-10 04:15:00
1775795400,509.0,2026-04-10 04:30:00
1775796300,509.0,2026-04-10 04:45:00
1775798100,509.0,2026-04-10 05:15:00
1775799000,509.0,2026-04-10 05:30:00
1775799900,509.0,2026-04-10 05:45:00
1775800800,509.0,2026-04-10 06:00:00
1775802600,509.0,2026-04-10 06:30:00
1775803500,509.0,2026-04-10 06:45:00
1775804400,509.0,2026-04-10 07:00:00
1775805300,509.0,2026-04-10 07:15:00
1775806200,509.0,2026-04-10 07:30:00
1775807100,509.0,2026-04-10 07:45:00
1775808000,509.0,2026-04-10 08:00:00
1775808900,509.0,2026-04-10 08:15:00
1775810700,509.0,2026-04-10 08:45:00
1775813400,509.0,2026-04-10 09:30:00
1775814300,509.0,2026-04-10 09:45:00
1775815200,509.0,2026-04-10 10:00:00
1775816100,509.0,2026-04-10 10:15:00
1775817900,509.0,2026-04-10 10:45:00
1775818800,507.0,2026-04-10 11:00:00
1775819700,507.0,2026-04-10 11:15:00
1775820600,507.0,2026-04-10 11:30:00
1775821500,507.0,2026-04-10 11:45:00
1775822400,507.0,2026-04-10 12:00:00
1775825100,507.0,2026-04-10 12:45:00
1775826000,507.0,2026-04-10 13:00:00
1775829600,507.0,2026-04-10 14:00:00
1775831400,507.0,2026-04-10 14:30:00
1775832300,507.0,2026-04-10 14:45:00
1775833200,507.0,2026-04-10 15:00:00
1775834100,507.0,2026-04-10 15:15:00
1775835000,507.0,2026-04-10 15:30:00
1775836800,507.0,2026-04-10 16:00:00
1775837700,507.0,2026-04-10 16:15:00
1775840400,507.0,2026-04-10 17:00:00
1775841300,507.0,2026-04-10 17:15:00
1775842200,507.0,2026-04-10 17:30:00
1775843100,507.0,2026-04-10 17:45:00
1775844000,507.0,2026-04-10 18:00:00
1775844900,507.0,2026-04-10 18:15:00
1775845800,507.0,2026-04-10 18:30:00
1775848500,507.0,2026-04-10 19:15:00
1775849400,507.0,2026-04-10 19:30:00
1775852100,507.0,2026-04-10 20:15:00
1775853000,507.0,2026-04-10 20:30:00
1775853900,507.0,2026-04-10 20:45:00
1775854800,507.0,2026-04-10 21:00:00
1775856600,507.0,2026-04-10 21:30:00
1775857500,507.0,2026-04-10 21:45:00
1775859300,507.0,2026-04-10 22:15:00
1775861100,507.0,2026-04-10 22:45:00
1775862000,507.0,2026-04-10 23:00:00
1775862900,507.0,2026-04-10 23:15:00
1775863800,507.0,2026-04-10 23:30:00
1775865600,507.0,2026-04-11 00:00:00
1775867400,507.0,2026-04-11 00:30:00
1775868300,507.0,2026-04-11 00:45:00
1775869200,507.0,2026-04-11 01:00:00
1775870100,507.0,2026-04-11 01:15:00
1775871000,507.0,2026-04-11 01:30:00
1775873700,507.0,2026-04-11 02:15:00
1775874600,507.0,2026-04-11 02:30:00
1775875500,507.0,2026-04-11 02:45:00
1775878200,507.0,2026-04-11 03:30:00
1775880000,507.0,2026-04-11 04:00:00
1775880900,507.0,2026-04-11 04:15:00
1775881800,507.0,2026-04-11 04:30:00
1775882700,507.0,2026-04-11 04:45:00
1775883600,507.0,2026-04-11 05:00:00
1775884500,507.0,2026-04-11 05:15:00
1775885400,507.0,2026-04-11 05:30:00
1775888100,507.0,2026-04-11 06:15:00
1775889000,507.0,2026-04-11 06:30:00
1775891700,507.0,2026-04-11 07:15:00
1775892600,507.0,2026-04-11 07:30:00
1775893500,507.0,2026-04-11 07:45:00
1775895300,507.0,2026-04-11 08:15:00
1775896200,512.0,2026-04-11 08:30:00
1775898900,512.0,2026-04-11 09:15:00
1775900700,512.0,2026-04-11 09:45:00
1775901600,512.0,2026-04-11 10:00:00
1775902500,512.0,2026-04-11 10:15:00
1775904300,512.0,2026-04-11 10:45:00
1775905200,512.0,2026-04-11 11:00:00
1775907000,512.0,2026-04-11 11:30:00
1775908800,512.0,2026-04-11 12:00:00
1775909700,517.0,2026-04-11 12:15:00
1775912400,517.0,2026-04-11 13:00:00
1775914200,517.0,2026-04-11 13:30:00
1775915100,517.0,2026-04-11 13:45:00
1775916000,517.0,2026-04-11 14:00:00
1775916900,517.0,2026-04-11 14:15:00
1775919600,517.0,2026-04-11 15:00:00
1775921400,517.0,2026-04-11 15:30:00
1775922300,517.0,2026-04-11 15:45:00
1775923200,517.0,2026-04-11 16:00:00
1775924100,517.0,2026-04-11 16:15:00
1775925000,517.0,2026-04-11 16:30:00
1775925900,517.0,2026-04-11 16:45:00
1775926800,517.0,2026-04-11 17:00:00
1775927700,517.0,2026-04-11 17:15:00
1775928600,517.0,2026-04-11 17:30:00
1775929500,517.0,2026-04-11 17:45:00
1775930400,517.0,2026-04-11 18:00:00
1775933100,517.0,2026-04-11 18:45:00
1775934000,517.0,2026-04-11 19:00:00
1775934900,517.0,2026-04-11 19:15:00
1775935800,517.0,2026-04-11 19:30:00
1775936700,517.0,2026-04-11 19:45:00
1775937600,517.0,2026-04-11 20:00:00
1775939400,517.0,2026-04-11 20:30:00
1775940300,517.0,2026-04-11 20:45:00
1775941200,517.0,2026-04-11 21:00:00
1775942100,517.0,2026-04-11 21:15:00
1775944800,517.0,2026-04-11 22:00:00
1775945700,517.0,2026-04-11 22:15:00
1775946600,517.0,2026-04-11 22:30:00
1775949300,517.0,2026-04-11 23:15:00
1775950200,517.0,2026-04-11 23:30:00
1775951100,517.0,2026-04-11 23:45:00
1775952000,517.0,2026-04-12 00:00:00
1775952900,517.0,2026-04-12 00:15:00
1775953800,517.0,2026-04-12 00:30:00
1775955600,517.0,2026-04-12 01:00:00
1775956500,517.0,2026-04-12 01:15:00
1775958300,517.0,2026-04-12 01:45:00
1775959200,517.0,2026-04-12 02:00:00
1775960100,517.0,2026-04-12 02:15:00
1775961000,517.0,2026-04-12 02:30:00
1775961900,517.0,2026-04-12 02:45:00
1775962800,517.0,2026-04-12 03:00:00
1775963700,517.0,2026-04-12 03:15:00
1775964600,517.0,2026-04-12 03:30:00
1775965500,517.0,2026-04-12 03:45:00
1775966400,517.0,2026-04-12 04:00:00
1775967300,517.0,2026-04-12 04:15:00
1775968200,517.0,2026-04-12 04:30:00
1775969100,517.0,2026-04-12 04:45:00
1775970000,517.0,2026-04-12 05:00:00
1775970900,517.0,2026-04-12 05:15:00
1775973600,517.0,2026-04-12 06:00:00
1775974500,517.0,2026-04-12 06:15:00
1775975400,517.0,2026-04-12 06:30:00
1775978100,517.0,2026-04-12 07:15:00
1775979000,517.0,2026-04-12 07:30:00
1775980800,517.0,2026-04-12 08:00:00
1775982600,517.0,2026-04-12 08:30:00
1775984400,517.0,2026-04-12 09:00:00
1775985300,515.0,2026-04-12 09:15:00
1775987100,515.0,2026-04-12 09:45:00
1775988000,515.0,2026-04-12 10:00:00
1775989800,515.0,2026-04-12 10:30:00
1775991600,515.0,2026-04-12 11:00:00
1775992500,515.0,2026-04-12 11:15:00
1775995200,515.0,2026-04-12 12:00:00
1775997000,515.0,2026-04-12 12:30:00
1775999700,515.0,2026-04-12 13:15:00
1776000600,515.0,2026-04-12 13:30:00
1776001500,515.0,2026-04-12 13:45:00
1776002400,515.0,2026-04-12 14:00:00
1776003300,515.0,2026-04-12 14:15:00
1776006000,515.0,2026-04-12 15:00:00
1776006900,515.0,2026-04-12 15:15:00
1776007800,515.0,2026-04-12 15:30:00
1776008700,515.0,2026-04-12 15:45:00
1776010500,515.0,2026-04-12 16:15:00
1776011400,515.0,2026-04-12 16:30:00
1776012300,515.0,2026-04-12 16:45:00
1776013200,515.0,2026-04-12 17:00:00
1776014100,515.0,2026-04-12 17:15:00
1776015000,515.0,2026-04-12 17:30:00
1776015900,515.0,2026-04-12 17:45:00
1776016800,515.0,2026-04-12 18:00:00
1776017700,515.0,2026-04-12 18:15:00
1776018600,515.0,2026-04-12 18:30:00
1776019500,515.0,2026-04-12 18:45:00
1776020400,515.0,2026-04-12 19:00:00
1776021300,515.0,2026-04-12 19:15:00
1776022200,515.0,2026-04-12 19:30:00
1776024900,515.0,2026-04-12 20:15:00
1776025800,515.0,2026-04-12 20:30:00
1776027600,515.0,2026-04-12 21:00:00
1776028500,515.0,2026-04-12 21:15:00
1776029400,515.0,2026-04-12 21:30:00
1776030300,515.0,2026-04-12 21:45:00
1776031200,515.0,2026-04-12 22:00:00
1776033000,515.0,2026-04-12 22:30:00
1776033900,515.0,2026-04-12 22:45:00
1776034800,515.0,2026-04-12 23:00:00
1776035700,515.0,2026-04-12 23:15:00
1776036600,515.0,2026-04-12 23:30:00
1776037500,515.0,2026-04-12 23:45:00
1776040200,515.0,2026-04-13 00:30:00
1776041100,515.0,2026-04-13 00:45:00
1776042000,515.0,2026-04-13 01:00:00
1776042900,515.0,2026-04-13 01:15:00
1776043800,515.0,2026-04-13 01:30:00
1776044700,515.0,2026-04-13 01:45:00
1776045600,515.0,2026-04-13 02:00:00
1776048300,515.0,2026-04-13 02:45:00
1776050100,515.0,2026-04-13 03:15:00
1776051000,515.0,2026-04-13 03:30:00
1776051900,515.0,2026-04-13 03:45:00
1776052800,515.0,2026-04-13 04:00:00
1776053700,515.0,2026-04-13 04:15:00
1776054600,515.0,2026-04-13 04:30:00
1776055500,513.0,2026-04-13 04:45:00
1776056400,513.0,2026-04-13 05:00:00
1776058200,511.0,2026-04-13 05:30:00
1776059100,511.0,2026-04-13 05:45:00
1776060000,511.0,2026-04-13 06:00:00
1776061800,511.0,2026-04-13 06:30:00
1776062700,511.0,2026-04-13 06:45:00
1776063600,511.0,2026-04-13 07:00:00
1776065400,511.0,2026-04-13 07:30:00
1776066300,511.0,2026-04-13 07:45:00
1776067200,511.0,2026-04-13 08:00:00
1776068100,511.0,2026-04-13 08:15:00
1776069000,511.0,2026-04-13 08:30:00
1776069900,511.0,2026-04-13 08:45:00
1776070800,511.0,2026-04-13 09:00:00
1776072600,511.0,2026-04-13 09:30:00
1776073500,511.0,2026-04-13 09:45:00
1776074400,511.0,2026-04-13 10:00:00
1776075300,511.0,2026-04-13 10:15:00
1776077100,511.0,2026-04-13 10:45:00
1776078000,511.0,2026-04-13 11:00:00
1776078900,511.0,2026-04-13 11:15:00
1776080700,516.0,2026-04-13 11:45:00
1776081600,516.0,2026-04-13 12:00:00
1776082500,516.0,2026-04-13 12:15:00
1776084300,516.0,2026-04-13 12:45:00
1776086100,516.0,2026-04-13 13:15:00
1776087000,516.0,2026-04-13 13:30:00
1776089700,516.0,2026-04-13 14:15:00
1776091500,516.0,2026-04-13 14:45:00
1776092400,516.0,2026-04-13 15:00:00
1776093300,516.0,2026-04-13 15:15:00
1776096000,516.0,2026-04-13 16:00:00
1776097800,516.0,2026-04-13 16:30:00
1776098700,516.0,2026-04-13 16:45:00
1776099600,516.0,2026-04-13 17:00:00
1776100500,516.0,2026-04-13 17:15:00
1776101400,516.0,2026-04-13 17:30:00
1776102300,516.0,2026-04-13 17:45:00
1776104100,516.0,2026-04-13 18:15:00
1776105000,516.0,2026-04-13 18:30:00
1776106800,516.0,2026-04-13 19:00:00
1776108600,516.0,2026-04-13 19:30:00
1776109500,516.0,2026-04-13 19:45:00
1776110400,516.0,2026-04-13 20:00:00
1776111300,516.0,2026-04-13 20:15:00
1776112200,516.0,2026-04-13 20:30:00
1776113100,516.0,2026-04-13 20:45:00
1776114000,516.0,2026-04-13 21:00:00
1776114900,516.0,2026-04-13 21:15:00
1776115800,516.0,2026-04-13 21:30:00
1776116700,516.0,2026-04-13 21:45:00
1776117600,516.0,2026-04-13 22:00:00
1776118500,516.0,2026-04-13 22:15:00
1776119400,516.0,2026-04-13 22:30:00
1776120300,516.0,2026-04-13 22:45:00
1776121200,516.0,2026-04-13 23:00:00
1776122100,516.0,2026-04-13 23:15:00
1776123000,516.0,2026-04-13 23:30:00
1776123900,516.0,2026-04-13 23:45:00
1776125700,516.0,2026-04-14 00:15:00
1776126600,516.0,2026-04-14 00:30:00
1776127500,516.0,2026-04-14 00:45:00
1776128400,516.0,2026-04-14 01:00:00
1776129300,516.0,2026-04-14 01:15:00
1776131100,516.0,2026-04-14 01:45:00
1776132900,516.0,2026-04-14 02:15:00
1776133800,516.0,2026-04-14 02:30:00
1776135600,516.0,2026-04-14 03:00:00
1776136500,516.0,2026-04-14 03:15:00
1776137400,516.0,2026-04-14 03:30:00
1776139200,516.0,2026-04-14 04:00:00
1776140100,516.0,2026-04-14 04:15:00
1776141000,516.0,2026-04-14 04:30:00
1776143700,516.0,2026-04-14 05:15:00
1776144600,516.0,2026-04-14 05:30:00
1776145500,516.0,2026-04-14 05:45:00
1776146400,516.0,2026-04-14 06:00:00
1776147300,516.0,2026-04-14 06:15:00
1776150000,516.0,2026-04-14 07:00:00
1776150900,516.0,2026-04-14 07:15:00
1776151800,516.0,2026-04-14 07:30:00
1776153600,516.0,2026-04-14 08:00:00
1776154500,516.0,2026-04-14 08:15:00
1776156300,516.0,2026-04-14 08:45:00
1776157200,516.0,2026-04-14 09:00:00
1776158100,516.0,2026-04-14 09:15:00
1776159000,516.0,2026-04-14 09:30:00
1776160800,516.0,2026-04-14 10:00:00
1776161700,516.0,2026-04-14 10:15:00
1776162600,516.0,2026-04-14 10:30:00
1776163500,516.0,2026-04-14 10:45:00
1776164400,516.0,2026-04-14 11:00:00
1776165300,516.0,2026-04-14 11:15:00
1776166200,516.0,2026-04-14 11:30:00
1776167100,516.0,2026-04-14 11:45:00
1776168000,516.0,2026-04-14 12:00:00
1776168900,516.0,2026-04-14 12:15:00
1776169800,516.0,2026-04-14 12:30:00
1776170700,516.0,2026-04-14 12:45:00
1776172500,516.0,2026-04-14 13:15:00
1776173400,516.0,2026-04-14 13:30:00
1776174300,516.0,2026-04-14 13:45:00
1776175200,516.0,2026-04-14 14:00:00
1776176100,516.0,2026-04-14 14:15:00
1776177000,516.0,2026-04-14 14:30:00
1776177900,516.0,2026-04-14 14:45:00
1776179700,516.0,2026-04-14 15:15:00
1776180600,516.0,2026-04-14 15:30:00
1776183300,516.0,2026-04-14 16:15:00
1776184200,516.0,2026-04-14 16:30:00
1776186000,516.0,2026-04-14 17:00:00
1776186900,516.0,2026-04-14 17:15:00
1776187800,516.0,2026-04-14 17:30:00
1776188700,516.0,2026-04-14 17:45:00
1776189600,516.0,2026-04-14 18:00:00
1776192300,516.0,2026-04-14 18:45:00
1776193200,516.0,2026-04-14 19:00:00
1776194100,516.0,2026-04-14 19:15:00
1776195000,516.0,2026-04-14 19:30:00
1776195900,516.0,2026-04-14 19:45:00
1776196800,516.0,2026-04-14 20:00:00
1776198600,516.0,2026-04-14 20:30:00
1776200400,516.0,2026-04-14 21:00:00
1776201300,516.0,2026-04-14 21:15:00
1776202200,516.0,2026-04-14 21:30:00
1776203100,516.0,2026-04-14 21:45:00
1776204900,516.0,2026-04-14 22:15:00
1776205800,516.0,2026-04-14 22:30:00
1776206700,514.0,2026-04-14 22:45:00
1776207600,514.0,2026-04-14 23:00:00
1776208500,514.0,2026-04-14 23:15:00
1776209400,512.0,2026-04-14 23:30:00
1776210300,512.0,2026-04-14 23:45:00
1776211200,512.0,2026-04-15 00:00:00
1776212100,512.0,2026-04-15 00:15:00
1776213000,512.0,2026-04-15 00:30:00
1776213900,512.0,2026-04-15 00:45:00
1776214800,512.0,2026-04-15 01:00:00
1776215700,512.0,2026-04-15 01:15:00
1776216600,512.0,2026-04-15 01:30:00
1776220200,512.0,2026-04-15 02:30:00
1776221100,512.0,2026-04-15 02:45:00
1776222000,512.0,2026-04-15 03:00:00
1776222900,512.0,2026-04-15 03:15:00
1776223800,512.0,2026-04-15 03:30:00
1776224700,512.0,2026-04-15 03:45:00
1776226500,512.0,2026-04-15 04:15:00
1776227400,512.0,2026-04-15 04:30:00
1776228300,512.0,2026-04-15 04:45:00
1776231000,512.0,2026-04-15 05:30:00
1776231900,512.0,2026-04-15 05:45:00
1776232800,512.0,2026-04-15 06:00:00
1776233700,512.0,2026-04-15 06:15:00
1776234600,512.0,2026-04-15 06:30:00
1776235500,512.0,2026-04-15 06:45:00
1776236400,512.0,2026-04-15 07:00:00
1776237300,512.0,2026-04-15 07:15:00
1776238200,512.0,2026-04-15 07:30:00
1776239100,512.0,2026-04-15 07:45:00
1776240000,512.0,2026-04-15 08:00:00
1776241800,512.0,2026-04-15 08:30:00
1776242700,512.0,2026-04-15 08:45:00
1776243600,512.0,2026-04-15 09:00:00
1776244500,512.0,2026-04-15 09:15:00
1776246300,512.0,2026-04-15 09:45:00
1776247200,512.0,2026-04-15 10:00:00
1776249900,512.0,2026-04-15 10:45:00
1776253500,512.0,2026-04-15 11:45:00
1776254400,510.0,2026-04-15 12:00:00
1776255300,510.0,2026-04-15 12:15:00
1776256200,510.0,2026-04-15 12:30:00
1776257100,510.0,2026-04-15 12:45:00
1776258000,510.0,2026-04-15 13:00:00
1776258900,510.0,2026-04-15 13:15:00
1776259800,510.0,2026-04-15 13:30:00
1776261600,510.0,2026-04-15 14:00:00
1776262500,510.0,2026-04-15 14:15:00
1776264300,510.0,2026-04-15 14:45:00
1776266100,510.0,2026-04-15 15:15:00
1776267900,508.0,2026-04-15 15:45:00
1776268800,508.0,2026-04-15 16:00:00
1776269700,508.0,2026-04-15 16:15:00
1776271500,508.0,2026-04-15 16:45:00
1776274200,508.0,2026-04-15 17:30:00
1776275100,508.0,2026-04-15 17:45:00
1776276000,508.0,2026-04-15 18:00:00
1776276900,508.0,2026-04-15 18:15:00
1776277800,508.0,2026-04-15 18:30:00
1776278700,508.0,2026-04-15 18:45:00
1776279600,508.0,2026-04-15 19:00:00
1776280500,508.0,2026-04-15 19:15:00
1776281400,508.0,2026-04-15 19:30:00
1776282300,508.0,2026-04-15 19:45:00
1776283200,508.0,2026-04-15 20:00:00
1776285000,508.0,2026-04-15 20:30:00
1776285900,508.0,2026-04-15 20:45:00
1776287700,508.0,2026-04-15 21:15:00
1776289500,508.0,2026-04-15 21:45:00
1776291300,508.0,2026-04-15 22:15:00
1776292200,508.0,2026-04-15 22:30:00
1776293100,508.0,2026-04-15 22:45:00
1776294000,508.0,2026-04-15 23:00:00
1776295800,508.0,2026-04-15 23:30:00
1776296700,508.0,2026-04-15 23:45:00
1776297600,508.0,2026-04-16 00:00:00
1776298500,508.0,2026-04-16 00:15:00
1776299400,508.0,2026-04-16 00:30:00
1776301200,508.0,2026-04-16 01:00:00
1776303000,508.0,2026-04-16 01:30:00
1776303900,508.0,2026-04-16 01:45:00
1776306600,508.0,2026-04-16 02:30:00
1776307500,508.0,2026-04-16 02:45:00
1776308400,508.0,2026-04-16 03:00:00
1776311100,508.0,2026-04-16 03:45:00
1776312900,508.0,2026-04-16 04:15:00
1776313800,508.0,2026-04-16 04:30:00
1776316500,508.0,2026-04-16 05:15:00
1776317400,508.0,2026-04-16 05:30:00
1776318300,506.0,2026-04-16 05:45:00
1776319200,506.0,2026-04-16 06:00:00
1776320100,506.0,2026-04-16 06:15:00
1776321900,506.0,2026-04-16 06:45:00
1776322800,506.0,2026-04-16 07:00:00
1776323700,506.0,2026-04-16 07:15:00
1776324600,506.0,2026-04-16 07:30:00
1776325500,506.0,2026-04-16 07:45:00
1776326400,506.0,2026-04-16 08:00:00
1776327300,506.0,2026-04-16 08:15:00
1776328200,506.0,2026-04-16 08:30:00
1776329100,506.0,2026-04-16 08:45:00
1776331800,506.0,2026-04-16 09:30:00
1776332700,506.0,2026-04-16 09:45:00
1776334500,506.0,2026-04-16 10:15:00
1776335400,506.0,2026-04-16 10:30:00
1776336300,506.0,2026-04-16 10:45:00
1776337200,506.0,2026-04-16 11:00:00
1776338100,506.0,2026-04-16 11:15:00
1776339000,506.0,2026-04-16 11:30:00
1776340800,506.0,2026-04-16 12:00:00
1776341700,506.0,2026-04-16 12:15:00
1776342600,506.0,2026-04-16 12:30:00
1776343500,506.0,2026-04-16 12:45:00
1776345300,506.0,2026-04-16 13:15:00
1776346200,511.0,2026-04-16 13:30:00
1776348000,511.0,2026-04-16 14:00:00
1776348900,511.0,2026-04-16 14:15:00
1776349800,511.0,2026-04-16 14:30:00
1776350700,511.0,2026-04-16 14:45:00
1776353400,511.0,2026-04-16 15:30:00
1776354300,511.0,2026-04-16 15:45:00
1776355200,511.0,2026-04-16 16:00:00
1776356100,511.0,2026-04-16 16:15:00
1776357000,511.0,2026-04-16 16:30:00
1776359700,511.0,2026-04-16 17:15:00
1776360600,511.0,2026-04-16 17:30:00
1776362400,511.0,2026-04-16 18:00:00
1776363300,511.0,2026-04-16 18:15:00
1776364200,511.0,2026-04-16 18:30:00
1776365100,511.0,2026-04-16 18:45:00
1776366000,511.0,2026-04-16 19:00:00
1776366900,511.0,2026-04-16 19:15:00
1776367800,511.0,2026-04-16 19:30:00
1776368700,511.0,2026-04-16 19:45:00
1776369600,511.0,2026-04-16 20:00:00
1776370500,511.0,2026-04-16 20:15:00
1776371400,511.0,2026-04-16 20:30:00
1776373200,511.0,2026-04-16 21:00:00
1776375900,511.0,2026-04-16 21:45:00
1776376800,511.0,2026-04-16 22:00:00
1776379500,511.0,2026-04-16 22:45:00
1776380400,511.0,2026-04-16 23:00:00
1776383100,511.0,2026-04-16 23:45:00
1776384000,511.0,2026-04-17 00:00:00
1776384900,511.0,2026-04-17 00:15:00
1776385800,509.0,2026-04-17 00:30:00
1776386700,509.0,2026-04-17 00:45:00
1776387600,509.0,2026-04-17 01:00:00
1776388500,509.0,2026-04-17 01:15:00
1776389400,509.0,2026-04-17 01:30:00
1776390300,509.0,2026-04-17 01:45:00
1776391200,509.0,2026-04-17 02:00:00
1776392100,509.0,2026-04-17 02:15:00
1776393000,509.0,2026-04-17 02:30:00
1776393900,509.0,2026-04-17 02:45:00
1776396600,509.0,2026-04-17 03:30:00
1776397500,509.0,2026-04-17 03:45:00
1776399300,509.0,2026-04-17 04:15:00
1776402000,509.0,2026-04-17 05:00:00
1776403800,509.0,2026-04-17 05:30:00
1776404700,509.0,2026-04-17 05:45:00
1776405600,509.0,2026-04-17 06:00:00
1776408300,509.0,2026-04-17 06:45:00
1776409200,509.0,2026-04-17 07:00:00
1776410100,509.0,2026-04-17 07:15:00
1776411000,509.0,2026-04-17 07:30:00
1776411900,509.0,2026-04-17 07:45:00
1776412800,509.0,2026-04-17 08:00:00
1776413700,509.0,2026-04-17 08:15:00
1776414600,509.0,2026-04-17 08:30:00
1776415500,509.0,2026-04-17 08:45:00
1776416400,509.0,2026-04-17 09:00:00
1776417300,509.0,2026-04-17 09:15:00
1776418200,509.0,2026-04-17 09:30:00
1776419100,509.0,2026-04-17 09:45:00
1776421800,509.0,2026-04-17 10:30:00
1776422700,509.0,2026-04-17 10:45:00
1776423600,509.0,2026-04-17 11:00:00
1776424500,509.0,2026-04-17 11:15:00
1776427200,509.0,2026-04-17 12:00:00
1776428100,509.0,2026-04-17 12:15:00
1776429000,509.0,2026-04-17 12:30:00
1776429900,509.0,2026-04-17 12:45:00
1776430800,509.0,2026-04-17 13:00:00
1776431700,509.0,2026-04-17 13:15:00
1776432600,509.0,2026-04-17 13:30:00
1776433500,509.0,2026-04-17 13:45:00
1776434400,509.0,2026-04-17 14:00:00
1776435300,509.0,2026-04-17 14:15:00
1776436200,509.0,2026-04-17 14:30:00
1776437100,509.0,2026-04-17 14:45:00
1776438000,509.0,2026-04-17 15:00:00
1776438900,509.0,2026-04-17 15:15:00
1776439800,509.0,2026-04-17 15:30:00
1776441600,509.0,2026-04-17 16:00:00
1776444300,509.0,2026-04-17 16:45:00
1776446100,509.0,2026-04-17 17:15:00
1776447000,509.0,2026-04-17 17:30:00
1776447900,509.0,2026-04-17 17:45:00
1776450600,509.0,2026-04-17 18:30:00
1776451500,509.0,2026-04-17 18:45:00
1776452400,509.0,2026-04-17 19:00:00
1776453300,509.0,2026-04-17 19:15:00
1776455100,509.0,2026-04-17 19:45:00
1776456900,509.0,2026-04-17 20:15:00
1776457800,509.0,2026-04-17 20:30:00
1776459600,509.0,2026-04-17 21:00:00
1776461400,509.0,2026-04-17 21:30:00
1776462300,509.0,2026-04-17 21:45:00
1776463200,507.0,2026-04-17 22:00:00
1776464100,507.0,2026-04-17 22:15:00
1776465900,507.0,2026-04-17 22:45:00
1776467700,507.0,2026-04-17 23:15:00
1776468600,507.0,2026-04-17 23:30:00
1776469500,507.0,2026-04-17 23:45:00
1776470400,507.0,2026-04-18 00:00:00
1776472200,507.0,2026-04-18 00:30:00
1776474000,507.0,2026-04-18 01:00:00
1776475800,507.0,2026-04-18 01:30:00
1776476700,507.0,2026-04-18 01:45:00
1776479400,507.0,2026-04-18 02:30:00
1776480300,507.0,2026-04-18 02:45:00
1776481200,507.0,2026-04-18 03:00:00
1776483000,507.0,2026-04-18 03:30:00
1776483900,507.0,2026-04-18 03:45:00
1776484800,507.0,2026-04-18 04:00:00
1776485700,507.0,2026-04-18 04:15:00
1776486600,507.0,2026-04-18 04:30:00
1776487500,507.0,2026-04-18 04:45:00
1776489300,507.0,2026-04-18 05:15:00
1776490200,507.0,2026-04-18 05:30:00
1776491100,507.0,2026-04-18 05:45:00
1776494700,507.0,2026-04-18 06:45:00
1776498300,507.0,2026-04-18 07:45:00
1776499200,507.0,2026-04-18 08:00:00
1776500100,507.0,2026-04-18 08:15:00
1776501000,507.0,2026-04-18 08:30:00
1776501900,507.0,2026-04-18 08:45:00
1776502800,507.0,2026-04-18 09:00:00
1776503700,507.0,2026-04-18 09:15:00
1776504600,507.0,2026-04-18 09:30:00
1776506400,507.0,2026-04-18 10:00:00
1776508200,507.0,2026-04-18 10:30:00
1776509100,507.0,2026-04-18 10:45:00
1776510000,507.0,2026-04-18 11:00:00
1776510900,507.0,2026-04-18 11:15:00
1776511800,507.0,2026-04-18 11:30:00
1776512700,507.0,2026-04-18 11:45:00
1776513600,507.0,2026-04-18 12:00:00
1776515400,507.0,2026-04-18 12:30:00
1776516300,507.0,2026-04-18 12:45:00
1776517200,507.0,2026-04-18 13:00:00
1776518100,507.0,2026-04-18 13:15:00
1776519900,507.0,2026-04-18 13:45:00
1776520800,507.0,2026-04-18 14:00:00
1776521700,507.0,2026-04-18 14:15:00
1776523500,512.0,2026-04-18 14:45:00
1776524400,512.0,2026-04-18 15:00:00
1776525300,512.0,2026-04-18 15:15:00
1776528000,512.0,2026-04-18 16:00:00
1776528900,512.0,2026-04-18 16:15:00
1776529800,512.0,2026-04-18 16:30:00
1776530700,512.0,2026-04-18 16:45:00
1776531600,512.0,2026-04-18 17:00:00
1776532500,512.0,2026-04-18 17:15:00
1776533400,512.0,2026-04-18 17:30:00
1776534300,512.0,2026-04-18 17:45:00
1776535200,512.0,2026-04-18 18:00:00
1776536100,512.0,2026-04-18 18:15:00
1776537000,512.0,2026-04-18 18:30:00
1776537900,512.0,2026-04-18 18:45:00
1776538800,512.0,2026-04-18 19:00:00
1776540600,512.0,2026-04-18 19:30:00
1776542400,512.0,2026-04-18 20:00:00
1776545100,512.0,2026-04-18 20:45:00
1776546000,512.0,2026-04-18 21:00:00
1776546900,512.0,2026-04-18 21:15:00
1776548700,512.0,2026-04-18 21:45:00
1776551400,512.0,2026-04-18 22:30:00
1776552300,512.0,2026-04-18 22:45:00
1776553200,510.0,2026-04-18 23:00:00
1776554100,515.0,2026-04-18 23:15:00
1776555000,515.0,2026-04-18 23:30:00
1776556800,515.0,2026-04-19 00:00:00
1776557700,515.0,2026-04-19 00:15:00
1776558600,513.0,2026-04-19 00:30:00
1776559500,513.0,2026-04-19 00:45:00
1776560400,513.0,2026-04-19 01:00:00
1776562200,513.0,2026-04-19 01:30:00
1776563100,511.0,2026-04-19 01:45:00
1776564900,511.0,2026-04-19 02:15:00
1776567600,511.0,2026-04-19 03:00:00
1776569400,511.0,2026-04-19 03:30:00
1776570300,511.0,2026-04-19 03:45:00
1776572100,516.0,2026-04-19 04:15:00
1776573000,516.0,2026-04-19 04:30:00
1776574800,516.0,2026-04-19 05:00:00
1776578400,516.0,2026-04-19 06:00:00
1776579300,521.0,2026-04-19 06:15:00
1776580200,521.0,2026-04-19 06:30:00
1776581100,521.0,2026-04-19 06:45:00
1776582000,521.0,2026-04-19 07:00:00
1776582900,521.0,2026-04-19 07:15:00
1776583800,521.0,2026-04-19 07:30:00
1776584700,521.0,2026-04-19 07:45:00
1776586500,521.0,2026-04-19 08:15:00
1776588300,521.0,2026-04-19 08:45:00
1776590100,521.0,2026-04-19 09:15:00
1776591900,521.0,2026-04-19 09:45:00
1776592800,521.0,2026-04-19 10:00:00
1776593700,521.0,2026-04-19 10:15:00
1776596400,521.0,2026-04-19 11:00:00
1776597300,521.0,2026-04-19 11:15:00
1776598200,521.0,2026-04-19 11:30:00
1776599100,521.0,2026-04-19 11:45:00
1776600000,521.0,2026-04-19 12:00:00
1776600900,521.0,2026-04-19 12:15:00
1776601800,521.0,2026-04-19 12:30:00
1776605400,521.0,2026-04-19 13:30:00
1776606300,521.0,2026-04-19 13:45:00
1776607200,521.0,2026-04-19 14:00:00
1776609000,521.0,2026-04-19 14:30:00
1776610800,521.0,2026-04-19 15:00:00
1776611700,521.0,2026-04-19 15:15:00
1776612600,521.0,2026-04-19 15:30:00
1776614400,521.0,2026-04-19 16:00:00
1776615300,521.0,2026-04-19 16:15:00
1776616200,521.0,2026-04-19 16:30:00
1776617100,521.0,2026-04-19 16:45:00
1776618000,521.0,2026-04-19 17:00:00
1776618900,521.0,2026-04-19 17:15:00
1776619800,521.0,2026-04-19 17:30:00
1776620700,521.0,2026-04-19 17:45:00
1776621600,521.0,2026-04-19 18:00:00
1776622500,521.0,2026-04-19 18:15:00
1776623400,521.0,2026-04-19 18:30:00
1776624300,521.0,2026-04-19 18:45:00
1776625200,521.0,2026-04-19 19:00:00
1776627000,521.0,2026-04-19 19:30:00
1776627900,521.0,2026-04-19 19:45:00
1776628800,521.0,2026-04-19 20:00:00
1776631500,521.0,2026-04-19 20:45:00
1776632400,521.0,2026-04-19 21:00:00
1776633300,521.0,2026-04-19 21:15:00
1776635100,521.0,2026-04-19 21:45:00
1776636900,521.0,2026-04-19 22:15:00
1776637800,521.0,2026-04-19 22:30:00
1776638700,521.0,2026-04-19 22:45:00
1776639600,521.0,2026-04-19 23:00:00
1776640500,521.0,2026-04-19 23:15:00
1776641400,521.0,2026-04-19 23:30:00
1776642300,521.0,2026-04-19 23:45:00
1776643200,521.0,2026-04-20 00:00:00
1776645000,521.0,2026-04-20 00:30:00
1776646800,521.0,2026-04-20 01:00:00
1776647700,521.0,2026-04-20 01:15:00
1776648600,521.0,2026-04-20 01:30:00
1776649500,521.0,2026-04-20 01:45:00
1776650400,521.0,2026-04-20 02:00:00
1776652200,521.0,2026-04-20 02:30:00
1776654900,521.0,2026-04-20 03:15:00
1776656700,521.0,2026-04-20 03:45:00
1776657600,521.0,2026-04-20 04:00:00
1776658500,521.0,2026-04-20 04:15:00
1776660300,521.0,2026-04-20 04:45:00
1776662100,521.0,2026-04-20 05:15:00
1776663000,526.0,2026-04-20 05:30:00
1776663900,526.0,2026-04-20 05:45:00
1776664800,526.0,2026-04-20 06:00:00
1776666600,526.0,2026-04-20 06:30:00
1776667500,524.0,2026-04-20 06:45:00
1776668400,524.0,2026-04-20 07:00:00
1776669300,524.0,2026-04-20 07:15:00
1776670200,524.0,2026-04-20 07:30:00
1776671100,524.0,2026-04-20 07:45:00
1776672900,524.0,2026-04-20 08:15:00
1776673800,524.0,2026-04-20 08:30:00
1776674700,524.0,2026-04-20 08:45:00
1776675600,524.0,2026-04-20 09:00:00
1776678300,524.0,2026-04-20 09:45:00
1776679200,524.0,2026-04-20 10:00:00
1776680100,524.0,2026-04-20 10:15:00
1776681000,524.0,2026-04-20 10:30:00
1776682800,524.0,2026-04-20 11:00:00
1776683700,524.0,2026-04-20 11:15:00
1776685500,524.0,2026-04-20 11:45:00
1776686400,524.0,2026-04-20 12:00:00
1776687300,524.0,2026-04-20 12:15:00
1776688200,524.0,2026-04-20 12:30:00
1776690000,524.0,2026-04-20 13:00:00
1776690900,524.0,2026-04-20 13:15:00
1776691800,524.0,2026-04-20 13:30:00
1776692700,524.0,2026-04-20 13:45:00
1776696300,524.0,2026-04-20 14:45:00
1776698100,524.0,2026-04-20 15:15:00
1776699900,524.0,2026-04-20 15:45:00
1776700800,524.0,2026-04-20 16:00:00
1776701700,524.0,2026-04-20 16:15:00
1776703500,524.0,2026-04-20 16:45:00
1776704400,524.0,2026-04-20 17:00:00
1776706200,524.0,2026-04-20 17:30:00
1776707100,524.0,2026-04-20 17:45:00
1776708000,524.0,2026-04-20 18:00:00
1776708900,524.0,2026-04-20 18:15:00
1776709800,524.0,2026-04-20 18:30:00
1776710700,524.0,2026-04-20 18:45:00
1776711600,524.0,2026-04-20 19:00:00
1776712500,524.0,2026-04-20 19:15:00
1776714300,524.0,2026-04-20 19:45:00
1776717000,524.0,2026-04-20 20:30:00
1776719700,524.0,2026-04-20 21:15:00
1776720600,524.0,2026-04-20 21:30:00
1776721500,524.0,2026-04-20 21:45:00
1776722400,524.0,2026-04-20 22:00:00
1776724200,524.0,2026-04-20 22:30:00
1776726900,524.0,2026-04-20 23:15:00
1776727800,524.0,2026-04-20 23:30:00
1776728700,524.0,2026-04-20 23:45:00
1776730500,524.0,2026-04-21 00:15:00
1776732300,524.0,2026-04-21 00:45:00
1776733200,524.0,2026-04-21 01:00:00
1776734100,524.0,2026-04-21 01:15:00
1776735000,524.0,2026-04-21 01:30:00
1776735900,524.0,2026-04-21 01:45:00
1776737700,524.0,2026-04-21 02:15:00
1776738600,524.0,2026-04-21 02:30:00
1776739500,524.0,2026-04-21 02:45:00
1776740400,524.0,2026-04-21 03:00:00
1776741300,524.0,2026-04-21 03:15:00
1776742200,524.0,2026-04-21 03:30:00
1776743100,524.0,2026-04-21 03:45:00
1776744900,524.0,2026-04-21 04:15:00
1776747600,524.0,2026-04-21 05:00:00
1776748500,524.0,2026-04-21 05:15:00
1776749400,524.0,2026-04-21 05:30:00
1776750300,524.0,2026-04-21 05:45:00
1776753000,524.0,2026-04-21 06:30:00
1776754800,524.0,2026-04-21 07:00:00
1776755700,524.0,2026-04-21 07:15:00
1776756600,524.0,2026-04-21 07:30:00
1776757500,524.0,2026-04-21 07:45:00
1776758400,524.0,2026-04-21 08:00:00
1776762000,524.0,2026-04-21 09:00:00
1776762900,524.0,2026-04-21 09:15:00
1776764700,524.0,2026-04-21 09:45:00
1776765600,524.0,2026-04-21 10:00:00
1776768300,524.0,2026-04-21 10:45:00
1776769200,524.0,2026-04-21 11:00:00
1776771000,524.0,2026-04-21 11:30:00
1776772800,524.0,2026-04-21 12:00:00
1776773700,522.0,2026-04-21 12:15:00
1776774600,522.0,2026-04-21 12:30:00
1776775500,522.0,2026-04-21 12:45:00
1776776400,522.0,2026-04-21 13:00:00
1776777300,522.0,2026-04-21 13:15:00
1776778200,522.0,2026-04-21 13:30:00
1776779100,522.0,2026-04-21 13:45:00
1776780000,522.0,2026-04-21 14:00:00
1776780900,522.0,2026-04-21 14:15:00
1776782700,522.0,2026-04-21 14:45:00
1776784500,522.0,2026-04-21 15:15:00
1776785400,522.0,2026-04-21 15:30:00
1776786300,522.0,2026-04-21 15:45:00
1776787200,522.0,2026-04-21 16:00:00
1776789000,522.0,2026-04-21 16:30:00
1776789900,522.0,2026-04-21 16:45:00
1776791700,522.0,2026-04-21 17:15:00
1776792600,522.0,2026-04-21 17:30:00
1776793500,522.0,2026-04-21 17:45:00
1776796200,522.0,2026-04-21 18:30:00
1776797100,522.0,2026-04-21 18:45:00
1776798000,522.0,2026-04-21 19:00:00
1776799800,522.0,2026-04-21 19:30:00
1776801600,522.0,2026-04-21 20:00:00
1776803400,522.0,2026-04-21 20:30:00
1776804300,520.0,2026-04-21 20:45:00
1776805200,520.0,2026-04-21 21:00:00
1776806100,520.0,2026-04-21 21:15:00
1776807900,520.0,2026-04-21 21:45:00
1776808800,520.0,2026-04-21 22:00:00
1776811500,520.0,2026-04-21 22:45:00
1776812400,520.0,2026-04-21 23:00:00
1776813300,518.0,2026-04-21 23:15:00
1776814200,518.0,2026-04-21 23:30:00
1776815100,518.0,2026-04-21 23:45:00
1776816000,518.0,2026-04-22 00:00:00
1776816900,518.0,2026-04-22 00:15:00
1776817800,518.0,2026-04-22 00:30:00
1776818700,518.0,2026-04-22 00:45:00
1776819600,518.0,2026-04-22 01:00:00
1776820500,518.0,2026-04-22 01:15:00
1776822300,518.0,2026-04-22 01:45:00
1776824100,518.0,2026-04-22 02:15:00
1776825000,518.0,2026-04-22 02:30:00
1776825900,518.0,2026-04-22 02:45:00
1776826800,518.0,2026-04-22 03:00:00
1776827700,518.0,2026-04-22 03:15:00
1776828600,518.0,2026-04-22 03:30:00
1776829500,518.0,2026-04-22 03:45:00
1776830400,518.0,2026-04-22 04:00:00
1776831300,518.0,2026-04-22 04:15:00
1776834000,518.0,2026-04-22 05:00:00
1776836700,518.0,2026-04-22 05:45:00
1776837600,518.0,2026-04-22 06:00:00
1776839400,518.0,2026-04-22 06:30:00
1776840300,518.0,2026-04-22 06:45:00
1776842100,518.0,2026-04-22 07:15:00
1776843900,518.0,2026-04-22 07:45:00
1776845700,518.0,2026-04-22 08:15:00
1776846600,518.0,2026-04-22 08:30:00
1776848400,518.0,2026-04-22 09:00:00
1776851100,518.0,2026-04-22 09:45:00
1776852900,518.0,2026-04-22 10:15:00
1776853800,518.0,2026-04-22 10:30:00
1776855600,518.0,2026-04-22 11:00:00
1776856500,518.0,2026-04-22 11:15:00
1776857400,523.0,2026-04-22 11:30:00
1776858300,523.0,2026-04-22 11:45:00
1776859200,523.0,2026-04-22 12:00:00
1776860100,523.0,2026-04-22 12:15:00
1776861000,523.0,2026-04-22 12:30:00
1776862800,523.0,2026-04-22 13:00:00
1776865500,523.0,2026-04-22 13:45:00
1776866400,523.0,2026-04-22 14:00:00
1776867300,523.0,2026-04-22 14:15:00
1776868200,523.0,2026-04-22 14:30:00
1776870900,523.0,2026-04-22 15:15:00
1776872700,523.0,2026-04-22 15:45:00
1776873600,523.0,2026-04-22 16:00:00
1776874500,523.0,2026-04-22 16:15:00
1776877200,523.0,2026-04-22 17:00:00
1776878100,523.0,2026-04-22 17:15:00
1776879000,523.0,2026-04-22 17:30:00
1776879900,523.0,2026-04-22 17:45:00
1776881700,523.0,2026-04-22 18:15:00
1776882600,523.0,2026-04-22 18:30:00
1776883500,523.0,2026-04-22 18:45:00
1776884400,523.0,2026-04-22 19:00:00
1776888000,523.0,2026-04-22 20:00:00
1776888900,523.0,2026-04-22 20:15:00
1776889800,521.0,2026-04-22 20:30:00
1776890700,521.0,2026-04-22 20:45:00
1776891600,521.0,2026-04-22 21:00:00
1776892500,521.0,2026-04-22 21:15:00
1776894300,521.0,2026-04-22 21:45:00
1776895200,521.0,2026-04-22 22:00:00
1776896100,521.0,2026-04-22 22:15:00
1776897900,521.0,2026-04-22 22:45:00
1776898800,521.0,2026-04-22 23:00:00
1776899700,521.0,2026-04-22 23:15:00
1776900600,521.0,2026-04-22 23:30:00
1776901500,521.0,2026-04-22 23:45:00
1776902400,521.0,2026-04-23 00:00:00
1776903300,521.0,2026-04-23 00:15:00
1776904200,521.0,2026-04-23 00:30:00
1776906000,521.0,2026-04-23 01:00:00
1776906900,521.0,2026-04-23 01:15:00
1776908700,521.0,2026-04-23 01:45:00
1776911400,521.0,2026-04-23 02:30:00
1776912300,521.0,2026-04-23 02:45:00
1776913200,521.0,2026-04-23 03:00:00
1776914100,521.0,2026-04-23 03:15:00
1776915000,521.0,2026-04-23 03:30:00
1776915900,521.0,2026-04-23 03:45:00
1776916800,521.0,2026-04-23 04:00:00
1776918600,521.0,2026-04-23 04:30:00
1776920400,521.0,2026-04-23 05:00:00
1776921300,521.0,2026-04-23 05:15:00
1776922200,521.0,2026-04-23 05:30:00
1776924900,521.0,2026-04-23 06:15:00
1776925800,521.0,2026-04-23 06:30:00
1776926700,521.0,2026-04-23 06:45:00
1776931200,521.0,2026-04-23 08:00:00
1776932100,521.0,2026-04-23 08:15:00
1776933000,521.0,2026-04-23 08:30:00
1776933900,521.0,2026-04-23 08:45:00
1776934800,521.0,2026-04-23 09:00:00
1776935700,521.0,2026-04-23 09:15:00
1776936600,521.0,2026-04-23 09:30:00
1776937500,521.0,2026-04-23 09:45:00
1776938400,521.0,2026-04-23 10:00:00
1776939300,521.0,2026-04-23 10:15:00
1776940200,521.0,2026-04-23 10:30:00
1776941100,521.0,2026-04-23 10:45:00
1776942000,521.0,2026-04-23 11:00:00
1776944700,521.0,2026-04-23 11:45:00
1776945600,521.0,2026-04-23 12:00:00
1776946500,521.0,2026-04-23 12:15:00
1776947400,521.0,2026-04-23 12:30:00
1776948300,521.0,2026-04-23 12:45:00
1776949200,521.0,2026-04-23 13:00:00
1776950100,521.0,2026-04-23 13:15:00
1776952800,521.0,2026-04-23 14:00:00
1776953700,521.0,2026-04-23 14:15:00
1776956400,521.0,2026-04-23 15:00:00
1776957300,521.0,2026-04-23 15:15:00
1776958200,521.0,2026-04-23 15:30:00
1776959100,521.0,2026-04-23 15:45:00
1776960000,521.0,2026-04-23 16:00:00
1776960900,521.0,2026-04-23 16:15:00
1776964500,521.0,2026-04-23 17:15:00
1776965400,521.0,2026-04-23 17:30:00
1776966300,521.0,2026-04-23 17:45:00
1776967200,521.0,2026-04-23 18:00:00
1776969000,521.0,2026-04-23 18:30:00
1776969900,521.0,2026-04-23 18:45:00
1776971700,521.0,2026-04-23 19:15:00
1776974400,521.0,2026-04-23 20:00:00
1776976200,521.0,2026-04-23 20:30:00
1776978000,521.0,2026-04-23 21:00:00
1776980700,521.0,2026-04-23 21:45:00
1776981600,521.0,2026-04-23 22:00:00
1776982500,521.0,2026-04-23 22:15:00
1776983400,521.0,2026-04-23 22:30:00
1776984300,521.0,2026-04-23 22:45:00
1776985200,521.0,2026-04-23 23:00:00
1776986100,521.0,2026-04-23 23:15:00
1776987000,519.0,2026-04-23 23:30:00
1776988800,519.0,2026-04-24 00:00:00
1776989700,519.0,2026-04-24 00:15:00
1776990600,524.0,2026-04-24 00:30:00
1776991500,524.0,2026-04-24 00:45:00
1776992400,524.0,2026-04-24 01:00:00
1776993300,524.0,2026-04-24 01:15:00
1776994200,522.0,2026-04-24 01:30:00
1776995100,527.0,2026-04-24 01:45:00
1776996900,527.0,2026-04-24 02:15:00
1776997800,527.0,2026-04-24 02:30:00
1776998700,527.0,2026-04-24 02:45:00
1777000500,527.0,2026-04-24 03:15:00
1777001400,532.0,2026-04-24 03:30:00
1777002300,532.0,2026-04-24 03:45:00
1777003200,532.0,2026-04-24 04:00:00
1777004100,532.0,2026-04-24 04:15:00
1777005000,532.0,2026-04-24 04:30:00
1777005900,532.0,2026-04-24 04:45:00
1777008600,532.0,2026-04-24 05:30:00
1777010400,532.0,2026-04-24 06:00:00
1777011300,532.0,2026-04-24 06:15:00
1777012200,532.0,2026-04-24 06:30:00
1777014000,532.0,2026-04-24 07:00:00
1777015800,532.0,2026-04-24 07:30:00
1777016700,532.0,2026-04-24 07:45:00
1777017600,532.0,2026-04-24 08:00:00
1777018500,532.0,2026-04-24 08:15:00
1777020300,532.0,2026-04-24 08:45:00
1777021200,532.0,2026-04-24 09:00:00
1777023000,532.0,2026-04-24 09:30:00
1777023900,532.0,2026-04-24 09:45:00
1777024800,532.0,2026-04-24 10:00:00
1777025700,532.0,2026-04-24 10:15:00
1777027500,532.0,2026-04-24 10:45:00
1777029300,532.0,2026-04-24 11:15:00
1777030200,532.0,2026-04-24 11:30:00
1777031100,532.0,2026-04-24 11:45:00
1777032000,532.0,2026-04-24 12:00:00
1777032900,532.0,2026-04-24 12:15:00
1777033800,532.0,2026-04-24 12:30:00
1777035600,532.0,2026-04-24 13:00:00
1777039200,532.0,2026-04-24 14:00:00
1777040100,532.0,2026-04-24 14:15:00
1777041000,532.0,2026-04-24 14:30:00
1777041900,532.0,2026-04-24 14:45:00
1777044600,532.0,2026-04-24 15:30:00
1777046400,532.0,2026-04-24 16:00:00
1777047300,532.0,2026-04-24 16:15:00
1777048200,530.0,2026-04-24 16:30:00
1777049100,530.0,2026-04-24 16:45:00
1777050000,530.0,2026-04-24 17:00:00
1777050900,530.0,2026-04-24 17:15:00
1777051800,530.0,2026-04-24 17:30:00
1777052700,530.0,2026-04-24 17:45:00
1777055400,530.0,2026-04-24 18:30:00
1777056300,530.0,2026-04-24 18:45:00
1777058100,530.0,2026-04-24 19:15:00
1777060800,530.0,2026-04-24 20:00:00
1777061700,530.0,2026-04-24 20:15:00
1777064400,530.0,2026-04-24 21:00:00
1777065300,530.0,2026-04-24 21:15:00
1777068000,530.0,2026-04-24 22:00:00
1777068900,530.0,2026-04-24 22:15:00
1777071600,530.0,2026-04-24 23:00:00
1777072500,530.0,2026-04-24 23:15:00
1777073400,530.0,2026-04-24 23:30:00
1777075200,530.0,2026-04-25 00:00:00
1777076100,530.0,2026-04-25 00:15:00
1777077900,530.0,2026-04-25 00:45:00
1777079700,530.0,2026-04-25 01:15:00
1777080600,530.0,2026-04-25 01:30:00
1777081500,530.0,2026-04-25 01:45:00
1777082400,530.0,2026-04-25 02:00:00
1777083300,530.0,2026-04-25 02:15:00
1777084200,530.0,2026-04-25 02:30:00
1777085100,530.0,2026-04-25 02:45:00
1777086000,530.0,2026-04-25 03:00:00
1777086900,530.0,2026-04-25 03:15:00
1777089600,530.0,2026-04-25 04:00:00
1777090500,530.0,2026-04-25 04:15:00
1777091400,530.0,2026-04-25 04:30:00
1777094100,530.0,2026-04-25 05:15:00
1777095000,530.0,2026-04-25 05:30:00
1777095900,530.0,2026-04-25 05:45:00
1777096800,530.0,2026-04-25 06:00:00
1777099500,530.0,2026-04-25 06:45:00
1777103100,530.0,2026-04-25 07:45:00
1777106700,530.0,2026-04-25 08:45:00
1777107600,530.0,2026-04-25 09:00:00
1777108500,530.0,2026-04-25 09:15:00
1777111200,530.0,2026-04-25 10:00:00
1777113000,530.0,2026-04-25 10:30:00
1777113900,530.0,2026-04-25 10:45:00
1777114800,530.0,2026-04-25 11:00:00
1777116600,530.0,2026-04-25 11:30:00
1777117500,530.0,2026-04-25 11:45:00
1777118400,530.0,2026-04-25 12:00:00
1777121100,530.0,2026-04-25 12:45:00
1777122000,530.0,2026-04-25 13:00:00
1777123800,530.0,2026-04-25 13:30:00
1777125600,530.0,2026-04-25 14:00:00
1777126500,530.0,2026-04-25 14:15:00
1777127400,530.0,2026-04-25 14:30:00
1777128300,530.0,2026-04-25 14:45:00
1777129200,530.0,2026-04-25 15:00:00
1777130100,528.0,2026-04-25 15:15:00
1777131900,528.0,2026-04-25 15:45:00
1777133700,528.0,2026-04-25 16:15:00
1777134600,528.0,2026-04-25 16:30:00
1777135500,528.0,2026-04-25 16:45:00
1777136400,528.0,2026-04-25 17:00:00
1777137300,528.0,2026-04-25 17:15:00
1777138200,528.0,2026-04-25 17:30:00
1777139100,528.0,2026-04-25 17:45:00
1777140000,528.0,2026-04-25 18:00:00
1777140900,528.0,2026-04-25 18:15:00
1777142700,528.0,2026-04-25 18:45:00
1777143600,528.0,2026-04-25 19:00:00
1777146300,528.0,2026-04-25 19:45:00
1777147200,528.0,2026-04-25 20:00:00
1777149000,528.0,2026-04-25 20:30:00
1777149900,528.0,2026-04-25 20:45:00
1777150800,528.0,2026-04-25 21:00:00
1777151700,528.0,2026-04-25 21:15:00
1777152600,528.0,2026-04-25 21:30:00
1777155300,528.0,2026-04-25 22:15:00
1777157100,528.0,2026-04-25 22:45:00
1777158000,528.0,2026-04-25 23:00:00
1777158900,528.0,2026-04-25 23:15:00
1777159800,528.0,2026-04-25 23:30:00
1777160700,528.0,2026-04-25 23:45:00
1777161600,528.0,2026-04-26 00:00:00
1777163400,528.0,2026-04-26 00:30:00
1777164300,528.0,2026-04-26 00:45:00
1777165200,528.0,2026-04-26 01:00:00
1777166100,528.0,2026-04-26 01:15:00
1777167000,528.0,2026-04-26 01:30:00
1777169700,528.0,2026-04-26 02:15:00
1777170600,528.0,2026-04-26 02:30:00
1777171500,526.0,2026-04-26 02:45:00
1777173300,526.0,2026-04-26 03:15:00
1777175100,526.0,2026-04-26 03:45:00
1777176000,526.0,2026-04-26 04:00:00
1777176900,526.0,2026-04-26 04:15:00
1777177800,524.0,2026-04-26 04:30:00
1777179600,524.0,2026-04-26 05:00:00
1777180500,524.0,2026-04-26 05:15:00
1777181400,524.0,2026-04-26 05:30:00
1777182300,524.0,2026-04-26 05:45:00
1777183200,524.0,2026-04-26 06:00:00
1777185000,524.0,2026-04-26 06:30:00
1777185900,524.0,2026-04-26 06:45:00
1777186800,524.0,2026-04-26 07:00:00
1777188600,524.0,2026-04-26 07:30:00
1777191300,524.0,2026-04-26 08:15:00
1777192200,524.0,2026-04-26 08:30:00
1777193100,524.0,2026-04-26 08:45:00
1777194900,524.0,2026-04-26 09:15:00
1777195800,524.0,2026-04-26 09:30:00
1777196700,524.0,2026-04-26 09:45:00
1777197600,524.0,2026-04-26 10:00:00
1777199400,524.0,2026-04-26 10:30:00
1777201200,524.0,2026-04-26 11:00:00
1777203000,524.0,2026-04-26 11:30:00
1777203900,524.0,2026-04-26 11:45:00
1777204800,524.0,2026-04-26 12:00:00
1777207500,524.0,2026-04-26 12:45:00
1777208400,524.0,2026-04-26 13:00:00
1777209300,524.0,2026-04-26 13:15:00
1777210200,524.0,2026-04-26 13:30:00
1777212000,524.0,2026-04-26 14:00:00
1777213800,524.0,2026-04-26 14:30:00
1777214700,524.0,2026-04-26 14:45:00
1777215600,524.0,2026-04-26 15:00:00
1777216500,524.0,2026-04-26 15:15:00
1777217400,524.0,2026-04-26 15:30:00
1777218300,524.0,2026-04-26 15:45:00
1777220100,524.0,2026-04-26 16:15:00
1777221000,524.0,2026-04-26 16:30:00
1777221900,524.0,2026-04-26 16:45:00
1777222800,524.0,2026-04-26 17:00:00
1777223700,524.0,2026-04-26 17:15:00
1777225500,524.0,2026-04-26 17:45:00
1777227300,524.0,2026-04-26 18:15:00
1777228200,524.0,2026-04-26 18:30:00
1777229100,524.0,2026-04-26 18:45:00
1777230000,524.0,2026-04-26 19:00:00
1777230900,524.0,2026-04-26 19:15:00
1777231800,524.0,2026-04-26 19:30:00
1777234500,524.0,2026-04-26 20:15:00
1777237200,524.0,2026-04-26 21:00:00
1777239900,524.0,2026-04-26 21:45:00
1777241700,524.0,2026-04-26 22:15:00
1777242600,524.0,2026-04-26 22:30:00
1777244400,524.0,2026-04-26 23:00:00
1777245300,524.0,2026-04-26 23:15:00
1777246200,524.0,2026-04-26 23:30:00
1777248000,524.0,2026-04-27 00:00:00
1777248900,524.0,2026-04-27 00:15:00
1777251600,524.0,2026-04-27 01:00:00
1777252500,524.0,2026-04-27 01:15:00
1777254300,524.0,2026-04-27 01:45:00
1777256100,524.0,2026-04-27 02:15:00
1777257900,524.0,2026-04-27 02:45:00
1777258800,524.0,2026-04-27 03:00:00
1777260600,524.0,2026-04-27 03:30:00
1777261500,524.0,2026-04-27 03:45:00
1777263300,524.0,2026-04-27 04:15:00
1777264200,524.0,2026-04-27 04:30:00
1777265100,524.0,2026-04-27 04:45:00
1777266000,524.0,2026-04-27 05:00:00
1777266900,524.0,2026-04-27 05:15:00
1777267800,524.0,2026-04-27 05:30:00
1777268700,524.0,2026-04-27 05:45:00
1777269600,524.0,2026-04-27 06:00:00
1777270500,524.0,2026-04-27 06:15:00
1777271400,524.0,2026-04-27 06:30:00
1777272300,524.0,2026-04-27 06:45:00
1777273200,524.0,2026-04-27 07:00:00
1777274100,524.0,2026-04-27 07:15:00
1777275000,524.0,2026-04-27 07:30:00
1777275900,524.0,2026-04-27 07:45:00
1777276800,524.0,2026-04-27 08:00:00
1777277700,524.0,2026-04-27 08:15:00
1777278600,524.0,2026-04-27 08:30:00
1777279500,524.0,2026-04-27 08:45:00
1777281300,524.0,2026-04-27 09:15:00
1777282200,524.0,2026-04-27 09:30:00
1777283100,524.0,2026-04-27 09:45:00
1777284000,524.0,2026-04-27 10:00:00
1777285800,524.0,2026-04-27 10:30:00
1777287600,524.0,2026-04-27 11:00:00
1777289400,524.0,2026-04-27 11:30:00
1777290300,524.0,2026-04-27 11:45:00
1777291200,522.0,2026-04-27 12:00:00
1777292100,520.0,2026-04-27 12:15:00
1777293900,520.0,2026-04-27 12:45:00
1777294800,520.0,2026-04-27 13:00:00
1777295700,520.0,2026-04-27 13:15:00
1777296600,520.0,2026-04-27 13:30:00
1777298400,520.0,2026-04-27 14:00:00
1777299300,520.0,2026-04-27 14:15:00
1777300200,520.0,2026-04-27 14:30:00
1777301100,520.0,2026-04-27 14:45:00
1777302000,520.0,2026-04-27 15:00:00
1777303800,520.0,2026-04-27 15:30:00
1777304700,520.0,2026-04-27 15:45:00
1777305600,520.0,2026-04-27 16:00:00
1777306500,520.0,2026-04-27 16:15:00
1777307400,520.0,2026-04-27 16:30:00
1777308300,520.0,2026-04-27 16:45:00
1777309200,520.0,2026-04-27 17:00:00
1777310100,520.0,2026-04-27 17:15:00
1777311900,520.0,2026-04-27 17:45:00
1777312800,520.0,2026-04-27 18:00:00
1777314600,520.0,2026-04-27 18:30:00
1777315500,520.0,2026-04-27 18:45:00
1777317300,520.0,2026-04-27 19:15:00
1777318200,520.0,2026-04-27 19:30:00
1777319100,518.0,2026-04-27 19:45:00
1777320000,518.0,2026-04-27 20:00:00
1777320900,523.0,2026-04-27 20:15:00
1777321800,523.0,2026-04-27 20:30:00
1777322700,523.0,2026-04-27 20:45:00
1777323600,523.0,2026-04-27 21:00:00
1777325400,523.0,2026-04-27 21:30:00
1777328100,523.0,2026-04-27 22:15:00
1777329900,523.0,2026-04-27 22:45:00
1777330800,523.0,2026-04-27 23:00:00
1777331700,523.0,2026-04-27 23:15:00
1777332600,523.0,2026-04-27 23:30:00
1777333500,523.0,2026-04-27 23:45:00
1777334400,523.0,2026-04-28 00:00:00
1777335300,523.0,2026-04-28 00:15:00
1777338000,523.0,2026-04-28 01:00:00
1777338900,523.0,2026-04-28 01:15:00
1777340700,523.0,2026-04-28 01:45:00
1777341600,523.0,2026-04-28 02:00:00
1777342500,523.0,2026-04-28 02:15:00
1777343400,523.0,2026-04-28 02:30:00
1777344300,523.0,2026-04-28 02:45:00
1777345200,523.0,2026-04-28 03:00:00
1777346100,523.0,2026-04-28 03:15:00
1777347000,523.0,2026-04-28 03:30:00
1777347900,523.0,2026-04-28 03:45:00
1777349700,523.0,2026-04-28 04:15:00
1777350600,523.0,2026-04-28 04:30:00
1777354200,523.0,2026-04-28 05:30:00
1777356000,523.0,2026-04-28 06:00:00
1777358700,523.0,2026-04-28 06:45:00
1777359600,523.0,2026-04-28 07:00:00
1777360500,523.0,2026-04-28 07:15:00
1777361400,523.0,2026-04-28 07:30:00
1777363200,523.0,2026-04-28 08:00:00
1777365000,523.0,2026-04-28 08:30:00
1777365900,523.0,2026-04-28 08:45:00
1777367700,523.0,2026-04-28 09:15:00
1777369500,523.0,2026-04-28 09:45:00
1777370400,523.0,2026-04-28 10:00:00
1777371300,523.0,2026-04-28 10:15:00
1777372200,523.0,2026-04-28 10:30:00
1777373100,523.0,2026-04-28 10:45:00
1777375800,523.0,2026-04-28 11:30:00
1777376700,523.0,2026-04-28 11:45:00
1777377600,523.0,2026-04-28 12:00:00
1777378500,523.0,2026-04-28 12:15:00
1777379400,523.0,2026-04-28 12:30:00
1777380300,523.0,2026-04-28 12:45:00
1777383000,523.0,2026-04-28 13:30:00
1777384800,523.0,2026-04-28 14:00:00
1777386600,523.0,2026-04-28 14:30:00
1777387500,523.0,2026-04-28 14:45:00
1777388400,523.0,2026-04-28 15:00:00
1777390200,523.0,2026-04-28 15:30:00
1777391100,523.0,2026-04-28 15:45:00
1777392000,523.0,2026-04-28 16:00:00
1777392900,523.0,2026-04-28 16:15:00
1777394700,523.0,2026-04-28 16:45:00
1777396500,523.0,2026-04-28 17:15:00
1777397400,523.0,2026-04-28 17:30:00
1777398300,523.0,2026-04-28 17:45:00
1777399200,523.0,2026-04-28 18:00:00
1777400100,523.0,2026-04-28 18:15:00
1777401000,523.0,2026-04-28 18:30:00
1777401900,523.0,2026-04-28 18:45:00
1777402800,523.0,2026-04-28 19:00:00
1777403700,523.0,2026-04-28 19:15:00
1777404600,528.0,2026-04-28 19:30:00
1777405500,528.0,2026-04-28 19:45:00
1777406400,533.0,2026-04-28 20:00:00
1777407300,531.0,2026-04-28 20:15:00
1777408200,531.0,2026-04-28 20:30:00
1777409100,531.0,2026-04-28 20:45:00
1777410000,531.0,2026-04-28 21:00:00
1777410900,531.0,2026-04-28 21:15:00
1777411800,531.0,2026-04-28 21:30:00
1777412700,529.0,2026-04-28 21:45:00
1777413600,529.0,2026-04-28 22:00:00
1777417200,529.0,2026-04-28 23:00:00
1777418100,529.0,2026-04-28 23:15:00
1777421700,529.0,2026-04-29 00:15:00
1777424400,529.0,2026-04-29 01:00:00
1777425300,529.0,2026-04-29 01:15:00
1777426200,529.0,2026-04-29 01:30:00
1777427100,534.0,2026-04-29 01:45:00
1777428000,534.0,2026-04-29 02:00:00
1777428900,532.0,2026-04-29 02:15:00
1777429800,532.0,2026-04-29 02:30:00
1777431600,532.0,2026-04-29 03:00:00
1777432500,537.0,2026-04-29 03:15:00
1777433400,537.0,2026-04-29 03:30:00
1777434300,537.0,2026-04-29 03:45:00
1777435200,537.0,2026-04-29 04:00:00
1777436100,537.0,2026-04-29 04:15:00
1777437000,537.0,2026-04-29 04:30:00
1777437900,537.0,2026-04-29 04:45:00
1777438800,537.0,2026-04-29 05:00:00
1777439700,537.0,2026-04-29 05:15:00
1777440600,537.0,2026-04-29 05:30:00
1777441500,537.0,2026-04-29 05:45:00
1777442400,537.0,2026-04-29 06:00:00
1777444200,537.0,2026-04-29 06:30:00
1777445100,537.0,2026-04-29 06:45:00
1777446000,537.0,2026-04-29 07:00:00
1777446900,537.0,2026-04-29 07:15:00
1777448700,537.0,2026-04-29 07:45:00
1777450500,537.0,2026-04-29 08:15:00
1777453200,537.0,2026-04-29 09:00:00
1777454100,537.0,2026-04-29 09:15:00
1777455900,537.0,2026-04-29 09:45:00
1777456800,537.0,2026-04-29 10:00:00
1777457700,537.0,2026-04-29 10:15:00
1777458600,537.0,2026-04-29 10:30:00
1777459500,537.0,2026-04-29 10:45:00
1777462200,537.0,2026-04-29 11:30:00
1777463100,537.0,2026-04-29 11:45:00
1777465800,537.0,2026-04-29 12:30:00
1777466700,537.0,2026-04-29 12:45:00
1777467600,537.0,2026-04-29 13:00:00
1777468500,537.0,2026-04-29 13:15:00
1777469400,537.0,2026-04-29 13:30:00
1777470300,537.0,2026-04-29 13:45:00
1777471200,537.0,2026-04-29 14:00:00
1777472100,537.0,2026-04-29 14:15:00
1777473000,537.0,2026-04-29 14:30:00
1777475700,537.0,2026-04-29 15:15:00
1777476600,537.0,2026-04-29 15:30:00
1777477500,537.0,2026-04-29 15:45:00
1777478400,537.0,2026-04-29 16:00:00
1777479300,537.0,2026-04-29 16:15:00
1777480200,537.0,2026-04-29 16:30:00
1777481100,537.0,2026-04-29 16:45:00
1777482000,537.0,2026-04-29 17:00:00
1777483800,537.0,2026-04-29 17:30:00
1777485600,537.0,2026-04-29 18:00:00
1777487400,537.0,2026-04-29 18:30:00
1777488300,537.0,2026-04-29 18:45:00
1777491000,537.0,2026-04-29 19:30:00
1777493700,537.0,2026-04-29 20:15:00
1777494600,537.0,2026-04-29 20:30:00
1777495500,537.0,2026-04-29 20:45:00
1777496400,537.0,2026-04-29 21:00:00
1777497300,537.0,2026-04-29 21:15:00
1777498200,537.0,2026-04-29 21:30:00
1777499100,537.0,2026-04-29 21:45:00
1777500000,537.0,2026-04-29 22:00:00
1777500900,537.0,2026-04-29 22:15:00
1777502700,537.0,2026-04-29 22:45:00
1777504500,537.0,2026-04-29 23:15:00
1777506300,537.0,2026-04-29 23:45:00
1777507200,537.0,2026-04-30 00:00:00
1777508100,537.0,2026-04-30 00:15:00
1777509000,537.0,2026-04-30 00:30:00
1777509900,537.0,2026-04-30 00:45:00
1777510800,542.0,2026-04-30 01:00:00
1777511700,542.0,2026-04-30 01:15:00
1777512600,542.0,2026-04-30 01:30:00
1777513500,542.0,2026-04-30 01:45:00
1777514400,542.0,2026-04-30 02:00:00
1777516200,542.0,2026-04-30 02:30:00
1777517100,542.0,2026-04-30 02:45:00
1777518000,542.0,2026-04-30 03:00:00
1777518900,542.0,2026-04-30 03:15:00
1777520700,542.0,2026-04-30 03:45:00
1777521600,542.0,2026-04-30 04:00:00
1777524300,542.0,2026-04-30 04:45:00
1777525200,542.0,2026-04-30 05:00:00
1777526100,542.0,2026-04-30 05:15:00
1777527000,542.0,2026-04-30 05:30:00
1777528800,542.0,2026-04-30 06:00:00
1777529700,542.0,2026-04-30 06:15:00
1777530600,542.0,2026-04-30 06:30:00
1777531500,542.0,2026-04-30 06:45:00
1777532400,542.0,2026-04-30 07:00:00
1777533300,542.0,2026-04-30 07:15:00
1777534200,542.0,2026-04-30 07:30:00
1777535100,542.0,2026-04-30 07:45:00
1777536000,542.0,2026-04-30 08:00:00
1777536900,542.0,2026-04-30 08:15:00
1777537800,542.0,2026-04-30 08:30:00
1777538700,542.0,2026-04-30 08:45:00
1777539600,542.0,2026-04-30 09:00:00
1777542300,542.0,2026-04-30 09:45:00
1777545000,542.0,2026-04-30 10:30:00
1777545900,542.0,2026-04-30 10:45:00
1777546800,542.0,2026-04-30 11:00:00
1777548600,542.0,2026-04-30 11:30:00
1777550400,542.0,2026-04-30 12:00:00
1777551300,542.0,2026-04-30 12:15:00
1777552200,547.0,2026-04-30 12:30:00
1777553100,547.0,2026-04-30 12:45:00
1777554000,547.0,2026-04-30 13:00:00
1777554900,547.0,2026-04-30 13:15:00
1777557600,547.0,2026-04-30 14:00:00
1777559400,547.0,2026-04-30 14:30:00
1777562100,547.0,2026-04-30 15:15:00
1777563900,547.0,2026-04-30 15:45:00
1777564800,547.0,2026-04-30 16:00:00
1777565700,552.0,2026-04-30 16:15:00
1777566600,552.0,2026-04-30 16:30:00
1777567500,552.0,2026-04-30 16:45:00
1777568400,552.0,2026-04-30 17:00:00
1777569300,552.0,2026-04-30 17:15:00
1777570200,552.0,2026-04-30 17:30:00
1777571100,552.0,2026-04-30 17:45:00
1777573800,552.0,2026-04-30 18:30:00
1777574700,552.0,2026-04-30 18:45:00
1777575600,552.0,2026-04-30 19:00:00
1777576500,552.0,2026-04-30 19:15:00
1777577400,552.0,2026-04-30 19:30:00
1777578300,552.0,2026-04-30 19:45:00
1777580100,552.0,2026-04-30 20:15:00
1777581900,552.0,2026-04-30 20:45:00
1777582800,552.0,2026-04-30 21:00:00
1777584600,552.0,2026-04-30 21:30:00
1777585500,552.0,2026-04-30 21:45:00
1777586400,552.0,2026-04-30 22:00:00
1777587300,552.0,2026-04-30 22:15:00
1777589100,552.0,2026-04-30 22:45:00
1777590900,552.0,2026-04-30 23:15:00
1777591800,552.0,2026-04-30 23:30:00
1777592700,550.0,2026-04-30 23:45:00
1777593600,550.0,2026-05-01 00:00:00
1777594500,550.0,2026-05-01 00:15:00
1777595400,550.0,2026-05-01 00:30:00
1777596300,550.0,2026-05-01 00:45:00
1777597200,550.0,2026-05-01 01:00:00
1777598100,550.0,2026-05-01 01:15:00
1777599000,550.0,2026-05-01 01:30:00
1777599900,550.0,2026-05-01 01:45:00
1777600800,550.0,2026-05-01 02:00:00
1777601700,550.0,2026-05-01 02:15:00
1777602600,550.0,2026-05-01 02:30:00
1777604400,550.0,2026-05-01 03:00:00
1777606200,550.0,2026-05-01 03:30:00
1777607100,550.0,2026-05-01 03:45:00
1777608000,550.0,2026-05-01 04:00:00
1777608900,550.0,2026-05-01 04:15:00
1777610700,550.0,2026-05-01 04:45:00
1777612500,550.0,2026-05-01 05:15:00
1777613400,550.0,2026-05-01 05:30:00
1777614300,550.0,2026-05-01 05:45:00
1777615200,550.0,2026-05-01 06:00:00
1777616100,550.0,2026-05-01 06:15:00
1777617000,550.0,2026-05-01 06:30:00
1777618800,550.0,2026-05-01 07:00:00
1777619700,550.0,2026-05-01 07:15:00
1777620600,550.0,2026-05-01 07:30:00
1777621500,550.0,2026-05-01 07:45:00
1777623300,550.0,2026-05-01 08:15:00
1777624200,550.0,2026-05-01 08:30:00
1777625100,550.0,2026-05-01 08:45:00
1777626000,550.0,2026-05-01 09:00:00
1777626900,550.0,2026-05-01 09:15:00
1777629600,550.0,2026-05-01 10:00:00
1777630500,550.0,2026-05-01 10:15:00
1777632300,550.0,2026-05-01 10:45:00
1777635000,550.0,2026-05-01 11:30:00
1777635900,550.0,2026-05-01 11:45:00
1777636800,550.0,2026-05-01 12:00:00
1777637700,550.0,2026-05-01 12:15:00
1777638600,550.0,2026-05-01 12:30:00
1777639500,550.0,2026-05-01 12:45:00
1777640400,550.0,2026-05-01 13:00:00
1777641300,550.0,2026-05-01 13:15:00
1777642200,550.0,2026-05-01 13:30:00
1777643100,550.0,2026-05-01 13:45:00
1777644000,550.0,2026-05-01 14:00:00
1777644900,550.0,2026-05-01 14:15:00
1777646700,550.0,2026-05-01 14:45:00
1777647600,550.0,2026-05-01 15:00:00
1777649400,550.0,2026-05-01 15:30:00
1777650300,550.0,2026-05-01 15:45:00
1777652100,550.0,2026-05-01 16:15:00
1777653000,550.0,2026-05-01 16:30:00
1777653900,550.0,2026-05-01 16:45:00
1777654800,550.0,2026-05-01 17:00:00
1777655700,550.0,2026-05-01 17:15:00
1777657500,550.0,2026-05-01 17:45:00
1777658400,550.0,2026-05-01 18:00:00
1777659300,550.0,2026-05-01 18:15:00
1777660200,550.0,2026-05-01 18:30:00
1777661100,550.0,2026-05-01 18:45:00
1777662000,548.0,2026-05-01 19:00:00
1777662900,548.0,2026-05-01 19:15:00
1777663800,548.0,2026-05-01 19:30:00
1777664700,548.0,2026-05-01 19:45:00
1777665600,548.0,2026-05-01 20:00:00
1777666500,548.0,2026-05-01 20:15:00
1777667400,548.0,2026-05-01 20:30:00
1777668300,548.0,2026-05-01 20:45:00
1777669200,548.0,2026-05-01 21:00:00
1777670100,548.0,2026-05-01 21:15:00
1777671900,548.0,2026-05-01 21:45:00
1777672800,548.0,2026-05-01 22:00:00
1777673700,548.0,2026-05-01 22:15:00
1777674600,548.0,2026-05-01 22:30:00
1777675500,548.0,2026-05-01 22:45:00
1777678200,548.0,2026-05-01 23:30:00
1777679100,548.0,2026-05-01 23:45:00
1777681800,548.0,2026-05-02 00:30:00
1777682700,548.0,2026-05-02 00:45:00
1777683600,548.0,2026-05-02 01:00:00
1777684500,548.0,2026-05-02 01:15:00
1777685400,548.0,2026-05-02 01:30:00
1777686300,548.0,2026-05-02 01:45:00
1777689000,548.0,2026-05-02 02:30:00
1777690800,548.0,2026-05-02 03:00:00
1777692600,548.0,2026-05-02 03:30:00
1777694400,548.0,2026-05-02 04:00:00
1777697100,548.0,2026-05-02 04:45:00
1777698000,548.0,2026-05-02 05:00:00
1777698900,548.0,2026-05-02 05:15:00
1777699800,548.0,2026-05-02 05:30:00
1777701600,548.0,2026-05-02 06:00:00
1777702500,548.0,2026-05-02 06:15:00
1777705200,548.0,2026-05-02 07:00:00
1777706100,548.0,2026-05-02 07:15:00
1777707000,548.0,2026-05-02 07:30:00
1777708800,548.0,2026-05-02 08:00:00
1777709700,548.0,2026-05-02 08:15:00
1777711500,548.0,2026-05-02 08:45:00
1777712400,548.0,2026-05-02 09:00:00
1777713300,548.0,2026-05-02 09:15:00
1777714200,548.0,2026-05-02 09:30:00
1777716000,548.0,2026-05-02 10:00:00
1777716900,548.0,2026-05-02 10:15:00
1777717800,548.0,2026-05-02 10:30:00
1777718700,548.0,2026-05-02 10:45:00
1777719600,548.0,2026-05-02 11:00:00
1777720500,548.0,2026-05-02 11:15:00
1777721400,548.0,2026-05-02 11:30:00
1777722300,548.0,2026-05-02 11:45:00
1777723200,548.0,2026-05-02 12:00:00
1777724100,548.0,2026-05-02 12:15:00
1777725900,548.0,2026-05-02 12:45:00
1777727700,548.0,2026-05-02 13:15:00
1777728600,548.0,2026-05-02 13:30:00
1777729500,548.0,2026-05-02 13:45:00
1777730400,548.0,2026-05-02 14:00:00
1777731300,548.0,2026-05-02 14:15:00
1777732200,548.0,2026-05-02 14:30:00
1777733100,548.0,2026-05-02 14:45:00
1777734000,548.0,2026-05-02 15:00:00
1777734900,548.0,2026-05-02 15:15:00
1777736700,548.0,2026-05-02 15:45:00
1777738500,548.0,2026-05-02 16:15:00
1777739400,548.0,2026-05-02 16:30:00
1777741200,548.0,2026-05-02 17:00:00
1777742100,548.0,2026-05-02 17:15:00
1777743000,548.0,2026-05-02 17:30:00
1777743900,548.0,2026-05-02 17:45:00
1777744800,548.0,2026-05-02 18:00:00
1777745700,548.0,2026-05-02 18:15:00
1777746600,548.0,2026-05-02 18:30:00
1777749300,548.0,2026-05-02 19:15:00
1777750200,548.0,2026-05-02 19:30:00
1777751100,548.0,2026-05-02 19:45:00
1777752000,548.0,2026-05-02 20:00:00
1777752900,548.0,2026-05-02 20:15:00
1777753800,546.0,2026-05-02 20:30:00
1777754700,546.0,2026-05-02 20:45:00
1777755600,546.0,2026-05-02 21:00:00
1777758300,546.0,2026-05-02 21:45:00
1777759200,546.0,2026-05-02 22:00:00
1777760100,546.0,2026-05-02 22:15:00
1777761900,546.0,2026-05-02 22:45:00
1777763700,546.0,2026-05-02 23:15:00
1777764600,546.0,2026-05-02 23:30:00
1777766400,546.0,2026-05-03 00:00:00
1777767300,546.0,2026-05-03 00:15:00
1777768200,546.0,2026-05-03 00:30:00
1777770900,546.0,2026-05-03 01:15:00
1777771800,546.0,2026-05-03 01:30:00
1777772700,546.0,2026-05-03 01:45:00
1777773600,546.0,2026-05-03 02:00:00
1777774500,546.0,2026-05-03 02:15:00
1777775400,546.0,2026-05-03 02:30:00
1777776300,546.0,2026-05-03 02:45:00
1777777200,546.0,2026-05-03 03:00:00
1777778100,546.0,2026-05-03 03:15:00
1777779000,546.0,2026-05-03 03:30:00
1777780800,546.0,2026-05-03 04:00:00
1777781700,546.0,2026-05-03 04:15:00
1777782600,546.0,2026-05-03 04:30:00
1777783500,546.0,2026-05-03 04:45:00
1777786200,546.0,2026-05-03 05:30:00
1777787100,546.0,2026-05-03 05:45:00
1777788000,546.0,2026-05-03 06:00:00
1777788900,546.0,2026-05-03 06:15:00
1777789800,544.0,2026-05-03 06:30:00
1777790700,544.0,2026-05-03 06:45:00
1777793400,544.0,2026-05-03 07:30:00
1777794300,544.0,2026-05-03 07:45:00
1777795200,544.0,2026-05-03 08:00:00
1777796100,544.0,2026-05-03 08:15:00
1777797000,544.0,2026-05-03 08:30:00
1777797900,544.0,2026-05-03 08:45:00
1777799700,544.0,2026-05-03 09:15:00
1777801500,544.0,2026-05-03 09:45:00
1777802400,544.0,2026-05-03 10:00:00
1777804200,544.0,2026-05-03 10:30:00
1777805100,544.0,2026-05-03 10:45:00
1777806000,544.0,2026-05-03 11:00:00
1777806900,544.0,2026-05-03 11:15:00
1777807800,542.0,2026-05-03 11:30:00
1777808700,547.0,2026-05-03 11:45:00
1777809600,547.0,2026-05-03 12:00:00
1777810500,547.0,2026-05-03 12:15:00
1777811400,547.0,2026-05-03 12:30:00
1777812300,547.0,2026-05-03 12:45:00
1777813200,547.0,2026-05-03 13:00:00
1777815000,547.0,2026-05-03 13:30:00
1777815900,547.0,2026-05-03 13:45:00
1777816800,547.0,2026-05-03 14:00:00
1777818600,547.0,2026-05-03 14:30:00
1777819500,547.0,2026-05-03 14:45:00
1777820400,547.0,2026-05-03 15:00:00
1777821300,547.0,2026-05-03 15:15:00
1777822200,547.0,2026-05-03 15:30:00
1777824900,547.0,2026-05-03 16:15:00
1777825800,547.0,2026-05-03 16:30:00
1777827600,547.0,2026-05-03 17:00:00
1777830300,547.0,2026-05-03 17:45:00
1777831200,547.0,2026-05-03 18:00:00
1777832100,547.0,2026-05-03 18:15:00
1777833000,545.0,2026-05-03 18:30:00
1777833900,545.0,2026-05-03 18:45:00
1777835700,545.0,2026-05-03 19:15:00
1777838400,545.0,2026-05-03 20:00:00
1777841100,545.0,2026-05-03 20:45:00
1777842000,545.0,2026-05-03 21:00:00
1777842900,545.0,2026-05-03 21:15:00
1777843800,545.0,2026-05-03 21:30:00
1777845600,545.0,2026-05-03 22:00:00
1777847400,545.0,2026-05-03 22:30:00
1777848300,545.0,2026-05-03 22:45:00
1777849200,545.0,2026-05-03 23:00:00
1777851000,545.0,2026-05-03 23:30:00
1777851900,545.0,2026-05-03 23:45:00
1777852800,545.0,2026-05-04 00:00:00
1777853700,545.0,2026-05-04 00:15:00
1777854600,545.0,2026-05-04 00:30:00
1777855500,545.0,2026-05-04 00:45:00
1777857300,545.0,2026-05-04 01:15:00
1777859100,545.0,2026-05-04 01:45:00
1777860000,545.0,2026-05-04 02:00:00
1777860900,545.0,2026-05-04 02:15:00
1777861800,545.0,2026-05-04 02:30:00
1777862700,545.0,2026-05-04 02:45:00
1777863600,545.0,2026-05-04 03:00:00
1777864500,545.0,2026-05-04 03:15:00
1777865400,545.0,2026-05-04 03:30:00
1777868100,545.0,2026-05-04 04:15:00
1777869000,545.0,2026-05-04 04:30:00
1777869900,545.0,2026-05-04 04:45:00
1777872600,545.0,2026-05-04 05:30:00
1777873500,545.0,2026-05-04 05:45:00
1777874400,545.0,2026-05-04 06:00:00
1777875300,545.0,2026-05-04 06:15:00
1777876200,545.0,2026-05-04 06:30:00
1777877100,545.0,2026-05-04 06:45:00
1777878900,545.0,2026-05-04 07:15:00
1777879800,545.0,2026-05-04 07:30:00
1777881600,545.0,2026-05-04 08:00:00
1777882500,545.0,2026-05-04 08:15:00
1777883400,545.0,2026-05-04 08:30:00
1777884300,545.0,2026-05-04 08:45:00
1777885200,545.0,2026-05-04 09:00:00
1777886100,545.0,2026-05-04 09:15:00
1777888800,545.0,2026-05-04 10:00:00
1777890600,545.0,2026-05-04 10:30:00
1777891500,545.0,2026-05-04 10:45:00
1777893300,545.0,2026-05-04 11:15:00
1777894200,545.0,2026-05-04 11:30:00
1777896000,545.0,2026-05-04 12:00:00
1777896900,545.0,2026-05-04 12:15:00
1777898700,545.0,2026-05-04 12:45:00
1777899600,545.0,2026-05-04 13:00:00
1777902300,545.0,2026-05-04 13:45:00
1777904100,545.0,2026-05-04 14:15:00
1777906800,545.0,2026-05-04 15:00:00
1777907700,545.0,2026-05-04 15:15:00
1777909500,545.0,2026-05-04 15:45:00
1777911300,545.0,2026-05-04 16:15:00
1777913100,545.0,2026-05-04 16:45:00
1777914000,545.0,2026-05-04 17:00:00
1777914900,545.0,2026-05-04 17:15:00
1777915800,545.0,2026-05-04 17:30:00
1777916700,545.0,2026-05-04 17:45:00
1777917600,545.0,2026-05-04 18:00:00
1777918500,545.0,2026-05-04 18:15:00
1777920300,550.0,2026-05-04 18:45:00
1777921200,550.0,2026-05-04 19:00:00
1777922100,550.0,2026-05-04 19:15:00
1777923000,550.0,2026-05-04 19:30:00
1777923900,550.0,2026-05-04 19:45:00
1777925700,550.0,2026-05-04 20:15:00
1777926600,550.0,2026-05-04 20:30:00
1777928400,550.0,2026-05-04 21:00:00
1777930200,550.0,2026-05-04 21:30:00
1777931100,550.0,2026-05-04 21:45:00
1777932000,550.0,2026-05-04 22:00:00
1777932900,550.0,2026-05-04 22:15:00
1777933800,550.0,2026-05-04 22:30:00
1777935600,550.0,2026-05-04 23:00:00
1777936500,555.0,2026-05-04 23:15:00
1777937400,555.0,2026-05-04 23:30:00
1777938300,555.0,2026-05-04 23:45:00
1777939200,555.0,2026-05-05 00:00:00
1777941000,555.0,2026-05-05 00:30:00
1777941900,555.0,2026-05-05 00:45:00
1777942800,560.0,2026-05-05 01:00:00
1777943700,560.0,2026-05-05 01:15:00
1777944600,560.0,2026-05-05 01:30:00
1777945500,560.0,2026-05-05 01:45:00
1777946400,560.0,2026-05-05 02:00:00
1777947300,560.0,2026-05-05 02:15:00
1777948200,560.0,2026-05-05 02:30:00
1777949100,560.0,2026-05-05 02:45:00
1777950000,560.0,2026-05-05 03:00:00
1777952700,560.0,2026-05-05 03:45:00
1777953600,560.0,2026-05-05 04:00:00
1777954500,560.0,2026-05-05 04:15:00
1777956300,560.0,2026-05-05 04:45:00
1777959000,560.0,2026-05-05 05:30:00
1777959900,560.0,2026-05-05 05:45:00
1777962600,560.0,2026-05-05 06:30:00
1777963500,560.0,2026-05-05 06:45:00
1777966200,560.0,2026-05-05 07:30:00
1777967100,560.0,2026-05-05 07:45:00
1777968900,560.0,2026-05-05 08:15:00
1777970700,560.0,2026-05-05 08:45:00
1777971600,560.0,2026-05-05 09:00:00
1777972500,560.0,2026-05-05 09:15:00
1777973400,560.0,2026-05-05 09:30:00
1777974300,560.0,2026-05-05 09:45:00
1777975200,560.0,2026-05-05 10:00:00
1777976100,560.0,2026-05-05 10:15:00
1777977900,560.0,2026-05-05 10:45:00
1777978800,560.0,2026-05-05 11:00:00
1777979700,560.0,2026-05-05 11:15:00
1777980600,560.0,2026-05-05 11:30:00
1777981500,560.0,2026-05-05 11:45:00
1777982400,560.0,2026-05-05 12:00:00
1777983300,560.0,2026-05-05 12:15:00
1777984200,560.0,2026-05-05 12:30:00
1777985100,560.0,2026-05-05 12:45:00
1777986000,560.0,2026-05-05 13:00:00
1777986900,560.0,2026-05-05 13:15:00
1777987800,560.0,2026-05-05 13:30:00
1777989600,560.0,2026-05-05 14:00:00
1777990500,560.0,2026-05-05 14:15:00
1777991400,560.0,2026-05-05 14:30:00
1777994100,560.0,2026-05-05 15:15:00
1777995000,565.0,2026-05-05 15:30:00
1777995900,565.0,2026-05-05 15:45:00
1777996800,565.0,2026-05-05 16:00:00
1777997700,565.0,2026-05-05 16:15:00
1777998600,570.0,2026-05-05 16:30:00
1777999500,575.0,2026-05-05 16:45:00
1778000400,575.0,2026-05-05 17:00:00
1778001300,575.0,2026-05-05 17:15:00
1778002200,573.0,2026-05-05 17:30:00
1778003100,573.0,2026-05-05 17:45:00
1778005800,573.0,2026-05-05 18:30:00
1778006700,573.0,2026-05-05 18:45:00
1778007600,573.0,2026-05-05 19:00:00
1778011200,573.0,2026-05-05 20:00:00
1778012100,573.0,2026-05-05 20:15:00
1778013000,573.0,2026-05-05 20:30:00
1778013900,573.0,2026-05-05 20:45:00
1778014800,573.0,2026-05-05 21:00:00
1778015700,573.0,2026-05-05 21:15:00
1778017500,573.0,2026-05-05 21:45:00
1778018400,573.0,2026-05-05 22:00:00
1778019300,573.0,2026-05-05 22:15:00
1778020200,573.0,2026-05-05 22:30:00
1778021100,573.0,2026-05-05 22:45:00
1778022000,573.0,2026-05-05 23:00:00
1778022900,573.0,2026-05-05 23:15:00
1778023800,573.0,2026-05-05 23:30:00
1778024700,573.0,2026-05-05 23:45:00
1778025600,573.0,2026-05-06 00:00:00
1778027400,573.0,2026-05-06 00:30:00
1778029200,573.0,2026-05-06 01:00:00
1778031000,573.0,2026-05-06 01:30:00
1778031900,573.0,2026-05-06 01:45:00
1778032800,573.0,2026-05-06 02:00:00
1778033700,573.0,2026-05-06 02:15:00
1778034600,573.0,2026-05-06 02:30:00
1778035500,571.0,2026-05-06 02:45:00
1778036400,571.0,2026-05-06 03:00:00
1778038200,576.0,2026-05-06 03:30:00
1778039100,576.0,2026-05-06 03:45:00
1778040000,576.0,2026-05-06 04:00:00
1778040900,576.0,2026-05-06 04:15:00
1778042700,576.0,2026-05-06 04:45:00
1778043600,576.0,2026-05-06 05:00:00
1778044500,576.0,2026-05-06 05:15:00
1778045400,576.0,2026-05-06 05:30:00
1778046300,576.0,2026-05-06 05:45:00
1778048100,576.0,2026-05-06 06:15:00
1778049900,576.0,2026-05-06 06:45:00
1778050800,576.0,2026-05-06 07:00:00
1778051700,576.0,2026-05-06 07:15:00
1778052600,576.0,2026-05-06 07:30:00
1778054400,576.0,2026-05-06 08:00:00
1778057100,576.0,2026-05-06 08:45:00
1778058000,576.0,2026-05-06 09:00:00
1778058900,576.0,2026-05-06 09:15:00
1778061600,576.0,2026-05-06 10:00:00
1778063400,576.0,2026-05-06 10:30:00
1778064300,576.0,2026-05-06 10:45:00
1778065200,576.0,2026-05-06 11:00:00
1778066100,576.0,2026-05-06 11:15:00
1778067000,576.0,2026-05-06 11:30:00
1778067900,576.0,2026-05-06 11:45:00
1778069700,576.0,2026-05-06 12:15:00
1778070600,576.0,2026-05-06 12:30:00
1778071500,576.0,2026-05-06 12:45:00
1778072400,576.0,2026-05-06 13:00:00
1778073300,576.0,2026-05-06 13:15:00
1778074200,576.0,2026-05-06 13:30:00
1778075100,576.0,2026-05-06 13:45:00
1778076000,576.0,2026-05-06 14:00:00
1778076900,576.0,2026-05-06 14:15:00
1778077800,576.0,2026-05-06 14:30:00
1778079600,576.0,2026-05-06 15:00:00
1778081400,576.0,2026-05-06 15:30:00
1778083200,576.0,2026-05-06 16:00:00
1778084100,576.0,2026-05-06 16:15:00
1778085900,576.0,2026-05-06 16:45:00
1778087700,576.0,2026-05-06 17:15:00
1778089500,574.0,2026-05-06 17:45:00
1778090400,574.0,2026-05-06 18:00:00
1778091300,574.0,2026-05-06 18:15:00
